household_ID;week;order_ID;item_id;amount;price_unit;price_total;date;day;timestamp;time;store_type;store_name;promo;item_type;category
1;1;1;RABEKO choco light 250g;2;2,82;5,64;2021-11-23;Tuesday;12:32;noon;supermarket;Okay;0;chocolate spread;breakfast & spreads
1;1;1;JOYVALLE pudding griesmeel natuur 135g;4;0,99;3,96;2021-11-23;Tuesday;12:32;noon;supermarket;Okay;0;pudding;dairy & plant based
1;1;1;BONI tomatensoep met balletjes 950ml;1;1,99;1,99;2021-11-23;Tuesday;12:32;noon;supermarket;Okay;0;soup;canned foods
1;1;1;LIEBIG DELISOUP 9 groenten brik 1L;1;2,59;2,59;2021-11-23;Tuesday;12:32;noon;supermarket;Okay;0;soup;canned foods
1;1;1;LIEBIG DELISOUP tom. Balletjes brik 1L;1;2,59;2,59;2021-11-23;Tuesday;12:32;noon;supermarket;Okay;0;soup;canned foods
1;1;2;KLEIN GROF GESN. ;1;1,30;1,3;2021-11-23;Tuesday;12:39;noon;bakery;Sys;0;bread;bakery
1;1;2;CHOCOLADEKOEK;2;1,20;2,4;2021-11-23;Tuesday;12:39;noon;bakery;Sys;0;danish;bakery
1;1;2;SANDWICH;4;0,60;2,4;2021-11-23;Tuesday;12:39;noon;bakery;Sys;0;sandwich;bakery
1;1;3;WRAP KIP;1;3,00;3,00;2021-11-24;Wednesday;12:32;noon;supermarket;Albert Heijn;1;lunch;meat, fish & veggie
1;1;3;AH EGGWRAP;1;3,99;3,99;2021-11-24;Wednesday;12:32;noon;supermarket;Albert Heijn;1;lunch;meat, fish & veggie
1;1;4;CRODINO 8+2;1;4,49;4,49;2021-11-26;Friday;17:25;afternoon;supermarket;Delhaize;0;alcoholic drinks;beverages
1;1;4;400GR 365 APPELCOMP;1;0,75;0,75;2021-11-26;Friday;17:25;afternoon;supermarket;Delhaize;0;apple sauce;canned foods
1;1;4;JONAGOLD;1;0,90;0,90;2021-11-26;Friday;17:25;afternoon;supermarket;Delhaize;0;apples;fruit & vegetables
1;1;4;ZOE PUNTPAPRIKA R;1;0,78;0,78;2021-11-26;Friday;17:25;afternoon;supermarket;Delhaize;0;bell peppers;fruit & vegetables
1;1;4;BLAUWE BESSEN 500G;1;5,99;5,99;2021-11-26;Friday;17:25;afternoon;supermarket;Delhaize;1;blueberries;fruit & vegetables
1;1;4;400GR BROCCOLI;1;0,99;0,99;2021-11-26;Friday;17:25;afternoon;supermarket;Delhaize;0;broccoli;fruit & vegetables
1;1;4;Bayonneham;1;1,78;1,78;2021-11-26;Friday;17:25;afternoon;supermarket;Delhaize;0;charcuterie;meat, fish & veggie
1;1;4;Italiaanse kiprollade;1;1,53;1,53;2021-11-26;Friday;17:25;afternoon;supermarket;Delhaize;0;charcuterie;meat, fish & veggie
1;1;4;Kippenwit;1;1,47;1,47;2021-11-26;Friday;17:25;afternoon;supermarket;Delhaize;0;charcuterie;meat, fish & veggie
1;1;4;WATOU SPECIAL;1;4,09;4,09;2021-11-26;Friday;17:25;afternoon;supermarket;Delhaize;0;cheese;dairy & plant based
1;1;4;KIPFILET PER 2 ST;1;5,52;5,52;2021-11-26;Friday;17:25;afternoon;supermarket;Delhaize;0;chicken;meat, fish & veggie
1;1;4;BIESLOOK 20GR;1;1,05;1,05;2021-11-26;Friday;17:25;afternoon;supermarket;Delhaize;0;chives;fruit & vegetables
1;1;4;1L CECEMEL LESS-SU;1;1,89;1,89;2021-11-26;Friday;17:25;afternoon;supermarket;Delhaize;0;chocolate milk;dairy & plant based
1;1;4;CLEMENTIJNEN BLAD;1;0,89;0,89;2021-11-26;Friday;17:25;afternoon;supermarket;Delhaize;0;clementines;fruit & vegetables
1;1;4;6X33C COCA ZERO;1;4,35;4,35;2021-11-26;Friday;17:25;afternoon;supermarket;Delhaize;0;coke;beverages
1;1;4;DANONE KAAS 500G;1;1,80;1,80;2021-11-26;Friday;17:25;afternoon;supermarket;Delhaize;0;cream cheese;dairy & plant based
1;1;4;KOMKOMMER;1;0,69;0,69;2021-11-26;Friday;17:25;afternoon;supermarket;Delhaize;0;cucumber;fruit & vegetables
1;1;4;AUBERGINES;1;0,84;0,84;2021-11-26;Friday;17:25;afternoon;supermarket;Delhaize;0;eggplant;fruit & vegetables
1;1;4;AUBERGINES;1;0,44;0,44;2021-11-26;Friday;17:25;afternoon;supermarket;Delhaize;0;eggplant;fruit & vegetables
1;1;4;Langoustine salade;1;2,86;2,86;2021-11-26;Friday;17:25;afternoon;supermarket;Delhaize;0;fish spread;meat, fish & veggie
1;1;4;LOOK ZAKJE 100GR;1;0,59;0,59;2021-11-26;Friday;17:25;afternoon;supermarket;Delhaize;0;garlic;fruit & vegetables
1;1;4;Prepare;1;1,80;1,80;2021-11-26;Friday;17:25;afternoon;supermarket;Delhaize;0;meat spread;meat, fish & veggie
1;1;4;GEHAKT VARKEN RUND;1;4,44;4,44;2021-11-26;Friday;17:25;afternoon;supermarket;Delhaize;0;minced meat;meat, fish & veggie
1;1;4;GEHAKT VARKEN RUND;1;3,87;3,87;2021-11-26;Friday;17:25;afternoon;supermarket;Delhaize;0;minced meat;meat, fish & veggie
1;1;4;LAMSGEHAKT;1;7,12;7,12;2021-11-26;Friday;17:25;afternoon;supermarket;Delhaize;0;minced meat;meat, fish & veggie
1;1;4;JONGE AJUIN;1;1,09;1,09;2021-11-26;Friday;17:25;afternoon;supermarket;Delhaize;0;onions;fruit & vegetables
1;1;4;EETSINAASAP / BULK;1;1,56;1,56;2021-11-26;Friday;17:25;afternoon;supermarket;Delhaize;0;oranges;fruit & vegetables
1;1;4;BIO PETERSELIE;1;1,15;1,15;2021-11-26;Friday;17:25;afternoon;supermarket;Delhaize;0;parsley;fruit & vegetables
1;1;4;CONFERENCE;1;0,93;0,93;2021-11-26;Friday;17:25;afternoon;supermarket;Delhaize;0;pears;fruit & vegetables
1;1;4;1X5 PITABROODJES;1;1,19;1,19;2021-11-26;Friday;17:25;afternoon;supermarket;Delhaize;0;pita bread;bakery
1;1;4;BIO BUTTERNUT;1;3,55;3,55;2021-11-26;Friday;17:25;afternoon;supermarket;Delhaize;0;pumpkin;fruit & vegetables
1;1;4;KROPSLA VERPAKT;1;1,55;1,55;2021-11-26;Friday;17:25;afternoon;supermarket;Delhaize;0;salad;fruit & vegetables
1;1;4;BOTERSANDWICH DAGV;6;0,45;2,70;2021-11-26;Friday;17:25;afternoon;supermarket;Delhaize;0;sandwich;bakery
1;1;4;365 SJALOT 1KG;1;2,05;2,05;2021-11-26;Friday;17:25;afternoon;supermarket;Delhaize;0;shallot;fruit & vegetables
1;1;4;PADDESTOELEN 250G;1;0,85;0,85;2021-11-26;Friday;17:25;afternoon;supermarket;Delhaize;0;skyr;fruit & vegetables
1;1;4;SPINAZIE 450G;1;1,85;1,85;2021-11-26;Friday;17:25;afternoon;supermarket;Delhaize;0;spinach;fruit & vegetables
1;1;4;BIO ZOETE AARD;1;2,56;2,56;2021-11-26;Friday;17:25;afternoon;supermarket;Delhaize;1;sweet potatoes;fruit & vegetables
1;1;4;20 CLIPPER LEM&GIC BIO;1;2,99;2,99;2021-11-26;Friday;17:25;afternoon;supermarket;Delhaize;0;tea;beverages
1;1;4;20 CLI RAS7MIN BIO;1;2,99;2,99;2021-11-26;Friday;17:25;afternoon;supermarket;Delhaize;0;tea;beverages
1;1;4;20 CLI SNORE&P BIO;2;3,19;6,38;2021-11-26;Friday;17:25;afternoon;supermarket;Delhaize;1;tea;beverages
1;1;4;DLL T. PAPIER;1;4,35;4,35;2021-11-26;Friday;17:25;afternoon;supermarket;Delhaize;0;toiletpaper;household
1;1;4;EMMER TOMAAT 500G;1;2,99;2,99;2021-11-26;Friday;17:25;afternoon;supermarket;Delhaize;0;tomatoes;fruit & vegetables
1;1;4;VLEESTOMAAT BULK;1;0,68;0,68;2021-11-26;Friday;17:25;afternoon;supermarket;Delhaize;0;tomatoes;fruit & vegetables
1;1;4;YT NAT MAGERE;1;1,01;1,01;2021-11-26;Friday;17:25;afternoon;supermarket;Delhaize;0;yoghurt;dairy & plant based
1;2;5;AH MLTSALADE;1;3,99;3,99;2021-12-01;Wednesday;11:43;morning;supermarket;Albert Heijn;0;lunch salad;fruit & vegetables
1;2;6;KLEIN GROF GESN. ;1;1,70;1,7;2021-12-01;Wednesday;09:57;morning;bakery;Sys;0;bread;bakery
1;2;6;CHOCOLADEKOEK;2;1,20;2,4;2021-12-01;Wednesday;09:57;morning;bakery;Sys;0;danish;bakery
1;2;6;SANDWICH;6;0,60;3,6;2021-12-01;Wednesday;09:57;morning;bakery;Sys;0;sandwich;bakery
1;2;7;BONI saus andalouse TD 420ml;1;1,29;1,29;2021-12-02;Thursday;15:26;afternoon;supermarket;Okay;0;andalouse sauce;condiments
1;2;7;EVERYDAY appelcompote stuk 710g;1;0,91;0,91;2021-12-02;Thursday;15:26;afternoon;supermarket;Okay;0;apple sauce;canned foods
1;2;7;paprika punt zoet rood Los;1;0,61;0,61;2021-12-02;Thursday;15:26;afternoon;supermarket;Okay;0;bell peppers;fruit & vegetables
1;2;7;EVERYDAY doperwt wortel zeer fijn 400g;2;0,79;1,58;2021-12-02;Thursday;15:26;afternoon;supermarket;Okay;0;carrots and peas;canned foods
1;2;7;knolselder 1stuk;1;1,29;1,29;2021-12-02;Thursday;15:26;afternoon;supermarket;Okay;0;celeriac;fruit & vegetables
1;2;7;BONI Spaghetti Mix geraspt 200g;1;1,39;1,39;2021-12-02;Thursday;15:26;afternoon;supermarket;Okay;0;cheese;dairy & plant based
1;2;7;BONI gouda light sneetjes 250g;1;2,49;2,49;2021-12-02;Thursday;15:26;afternoon;supermarket;Okay;0;cheese;dairy & plant based
1;2;7;OKAY gebakken kip met saus 1,1kg;1;7,09;7,09;2021-12-02;Thursday;15:26;afternoon;supermarket;Okay;0;chicken;meat, fish & veggie
1;2;7;Witloof extra Flandria Los;1;0,53;0,53;2021-12-02;Thursday;15:26;afternoon;supermarket;Okay;0;chicory;fruit & vegetables
1;2;7;RABEKO Choco light 250g;1;2,82;2,82;2021-12-02;Thursday;15:26;afternoon;supermarket;Okay;0;chocolate spread;breakfast & spreads
1;2;7;BONI kokosmelk blik 400g;2;0,99;1,98;2021-12-02;Thursday;15:26;afternoon;supermarket;Okay;0;coconut milk;cooking aid
1;2;7;BONI Lungo cups UTZ 16st;1;2,89;2,89;2021-12-02;Thursday;15:26;afternoon;supermarket;Okay;0;coffee;beverages
1;2;7;ALPRO CUISINE soyaroom li 5%vg brik 25cl;3;1,85;5,55;2021-12-02;Thursday;15:26;afternoon;supermarket;Okay;0;cream;dairy & plant based
1;2;7;wegwerp mondmaskers volwassenen 5st;1;1,58;1,58;2021-12-02;Thursday;15:26;afternoon;supermarket;Okay;0;face masks;non-food
1;2;7;BONI gedroogde vijgen 500g;1;2,79;2,79;2021-12-02;Thursday;15:26;afternoon;supermarket;Okay;0;figs;nuts, seeds & dried fruit
1;2;7;BELVIVA pom'pin 750g;1;3,39;3,39;2021-12-02;Thursday;15:26;afternoon;supermarket;Okay;0;french fries;frozen foods
1;2;7;prei Los;1;1,82;1,82;2021-12-02;Thursday;15:26;afternoon;supermarket;Okay;0;leek;fruit & vegetables
1;2;7;OKAY kippengehakt 500g;1;3,80;3,80;2021-12-02;Thursday;15:26;afternoon;supermarket;Okay;0;minced meat;meat, fish & veggie
1;2;7;OKAY gekruid kalfsgehakt 400g;1;6,09;6,09;2021-12-02;Thursday;15:26;afternoon;supermarket;Okay;0;minced meat;meat, fish & veggie
1;2;7;SPAGHERONI pastasaus tradizionale 520g;1;2,80;2,80;2021-12-02;Thursday;15:26;afternoon;supermarket;Okay;0;pasta sauce;condiments
1;2;7;EVERYDAY halve perzik siroop blik 820g;1;0,75;0,75;2021-12-02;Thursday;15:26;afternoon;supermarket;Okay;0;peaches;canned foods
1;2;7;BONI spaghetti volkoren 500g;1;0,89;0,89;2021-12-02;Thursday;15:26;afternoon;supermarket;Okay;0;spaghetti;pasta & rice
1;2;7;BONI zoete aardappel (los);1;1,52;1,52;2021-12-02;Thursday;15:26;afternoon;supermarket;Okay;0;sweet potatoes;fruit & vegetables
1;2;7;BONI tonic 50cl;6;0,33;1,95;2021-12-02;Thursday;15:26;afternoon;supermarket;Okay;0;tonic;beverages
1;2;7;BONI spaghettigroenten 400g;1;1,49;1,49;2021-12-02;Thursday;15:26;afternoon;supermarket;Okay;0;vegetable mix;fruit & vegetables
1;2;7;FLORETTE groentenmix Bordje Krokant 250g;1;1,69;1,69;2021-12-02;Thursday;15:26;afternoon;supermarket;Okay;1;vegetable mix;fruit & vegetables
1;2;7;INEX yoghurt halfvol framboos 4x125g;1;1,89;1,89;2021-12-02;Thursday;15:26;afternoon;supermarket;Okay;0;yoghurt;dairy & plant based
1;2;8;boerenring;1;4,35;4,35;2021-12-02;Thursday;15:48;afternoon;butcher;Brabo;0;charcuterie;meat, fish & veggie
1;2;8;chateaubriand;1;7,72;7,72;2021-12-02;Thursday;15:48;afternoon;butcher;Brabo;0;charcuterie;meat, fish & veggie
1;2;8;kippenroulade peterselie;1;2,02;2,02;2021-12-02;Thursday;15:48;afternoon;butcher;Brabo;0;charcuterie;meat, fish & veggie
1;2;8;kippenwit;1;1,76;1,76;2021-12-02;Thursday;15:48;afternoon;butcher;Brabo;0;charcuterie;meat, fish & veggie
1;2;8;neptunus cocktail;1;2,39;2,39;2021-12-02;Thursday;15:48;afternoon;butcher;Brabo;0;meat spread;meat, fish & veggie
1;2;8;prepare;1;1,80;1,80;2021-12-02;Thursday;15:48;afternoon;butcher;Brabo;0;meat spread;meat, fish & veggie
1;2;9;GROOT GROF GESN. ;2;2,50;5;2021-12-05;Sunday;09:24;morning;bakery;Sys;0;bread;bakery
1;2;10;AH TABLET;1;0,59;0,59;2021-12-09;Sunday;10:55;morning;supermarket;Albert Heijn;0;chocolate;snacks
1;2;10;AH MLTSALADE;1;5,49;5,49;2021-12-09;Sunday;10:55;morning;supermarket;Albert Heijn;1;lunch salad;fruit & vegetables
1;2;11;GROF BROOD GESN.;1;2,50;2,5;2021-12-05;Sunday;10:54;morning;bakery;Sys;0;bread;bakery
1;2;11;SANDWICH;4;0,60;2,4;2021-12-05;Sunday;10:54;morning;bakery;Sys;0;sandwich;bakery
1;3;12;EVERYDAY Jonagold appelen 6st 1kg;1;0,89;0,89;2021-12-09;Thursday;18:54;evening;supermarket;Okay;0;apples;fruit & vegetables
1;3;12;BONI noordkriek ontpit siroop bok 700g;2;1,25;2,50;2021-12-09;Thursday;18:54;evening;supermarket;Okay;0;cherries;canned foods
1;3;12;KELLOGG'S TRéSOR choco-hazelnoot 450g;1;4,26;4,26;2021-12-09;Thursday;18:54;evening;supermarket;Okay;0;cereal;breakfast & spreads
1;3;12;WEIGHT WATCHERS kipfilet sneetjes 120g;1;2,35;2,35;2021-12-09;Thursday;18:54;evening;supermarket;Okay;0;charcuterie;meat, fish & veggie
1;3;12;BREYDEL Breydelham 180g;1;3,09;3,09;2021-12-09;Thursday;18:54;evening;supermarket;Okay;0;charcuterie;meat, fish & veggie
1;3;12;OKAY Ardeens gehaktbrood 500g;1;5,85;5,85;2021-12-09;Thursday;18:54;evening;supermarket;Okay;1;charcuterie;meat, fish & veggie
1;3;12;OKAY Ardeens gehaktbrood 500g;1;5,56;5,56;2021-12-09;Thursday;18:54;evening;supermarket;Okay;1;charcuterie;meat, fish & veggie
1;3;12;PORT SALUT 135g;1;2,99;2,99;2021-12-09;Thursday;18:54;evening;supermarket;Okay;0;cheese;dairy & plant based
1;3;12;BEEMSTERLITE jong belegen sneetjes 250g;1;3,24;3,24;2021-12-09;Thursday;18:54;evening;supermarket;Okay;0;cheese;dairy & plant based
1;3;12;RABEKO Choco light 250g;2;2,82;5,64;2021-12-09;Thursday;18:54;evening;supermarket;Okay;0;chocolate spread;breakfast & spreads
1;3;12;ALPRO kokosnootdrink 1L;1;2,45;2,45;2021-12-09;Thursday;18:54;evening;supermarket;Okay;0;coconut drink;dairy & plant based
1;3;12;PUR NATUR BIO Panna Cotta 2x125g ;2;2,72;5,44;2021-12-09;Thursday;18:54;evening;supermarket;Okay;1;dessert;dairy & plant based
1;3;12;EVERYDAY dessert liégeois chocolade 200g;4;0,19;0,76;2021-12-09;Thursday;18:54;evening;supermarket;Okay;0;dessert;dairy & plant based
1;3;12;ALPRO karamel dessert 4x125g;1;2,29;2,29;2021-12-09;Thursday;18:54;evening;supermarket;Okay;0;dessert;dairy & plant based
1;3;12;BONI Green Tea niet-bruisend 33cl;6;0,36;2,15;2021-12-09;Thursday;18:54;evening;supermarket;Okay;0;ice tea;beverages
1;3;12;BONI Vleessalade 175g;1;1,60;1,60;2021-12-09;Thursday;18:54;evening;supermarket;Okay;0;meat spread;meat, fish & veggie
1;3;12;BONI Kipsalade 175g;1;1,75;1,75;2021-12-09;Thursday;18:54;evening;supermarket;Okay;0;meat spread;meat, fish & veggie
1;3;12;LUITEN filet americain uitjes 150g;1;1,55;1,55;2021-12-09;Thursday;18:54;evening;supermarket;Okay;0;meat spread;meat, fish & veggie
1;3;12;Boni pitabroodjes voorgebakken 6st 480g;1;1,07;1,07;2021-12-09;Thursday;18:54;evening;supermarket;Okay;0;pita bread;bakery
1;3;12;BONI pizza Prosciutto Crudo 385g;1;3,99;3,99;2021-12-09;Thursday;18:54;evening;supermarket;Okay;0;pizza;frozen foods
1;3;12;OKAY Gyros +-500g;1;5,43;5,43;2021-12-09;Thursday;18:54;evening;supermarket;Okay;0;pork;meat, fish & veggie
1;3;12;JOYVALLE pudding griesmeel natuur 135g;4;0,99;3,96;2021-12-09;Thursday;18:54;evening;supermarket;Okay;0;pudding;dairy & plant based
1;3;12;BONI tomatensoep met balletjes 950ml;1;1,99;1,99;2021-12-09;Thursday;18:54;evening;supermarket;Okay;0;soup;canned foods
1;3;12;FLORETTE groentenmix Bordje Krokant 250g;1;1,69;1,69;2021-12-09;Thursday;18:54;evening;supermarket;Okay;1;vegetable mix;fruit & vegetables
1;3;13;DRYCK HALLON;1;0,75;0,75;2021-12-10;Friday;10:55;morning;furniture store;Ikea;0;raspberry drink;beverages
1;3;13;EGENTID w thee;1;3,50;3,5;2021-12-10;Friday;10:55;morning;furniture store;Ikea;0;tea;beverages
1;3;14;GROF BROOD GESN.;2;2,50;5;2021-12-11;Saturday;09:47;morning;bakery;Sys;0;bread;bakery
1;3;15;LANG ZESGRANEN;1;2,50;2,5;2021-12-12;Sunday;10:47;morning;bakery;Sys;0;bread;bakery
1;3;15;GROF BROOD GESN.;1;2,50;2,5;2021-12-12;Sunday;10:47;morning;bakery;Sys;0;bread;bakery
1;3;15;KLEIN FRANS BROOD ;2;0,90;1,8;2021-12-12;Sunday;10:47;morning;bakery;Sys;0;bread;bakery
1;3;15;CHOCOLADEKOEK;1;1,20;1,2;2021-12-12;Sunday;10:47;morning;bakery;Sys;0;danish;bakery
1;3;15;VIERK. CREMEKOEK CH;1;1,30;1,3;2021-12-12;Sunday;10:47;morning;bakery;Sys;0;danish;bakery
1;3;15;SUIS GELE CRÈME;1;1,30;1,3;2021-12-12;Sunday;10:47;morning;bakery;Sys;0;danish;bakery
1;3;15;RONDE BOTERKOEK;1;1,30;1,3;2021-12-12;Sunday;10:47;morning;bakery;Sys;0;danish;bakery
1;3;16;RUMSTEAK;1;6,61;6,61;2021-12-12;Sunday;10:55;morning;supermarket;Delhaize;1;beef;meat, fish & veggie
1;3;16;RUMSTEAK;1;5,55;5,55;2021-12-12;Sunday;10:55;morning;supermarket;Delhaize;1;beef;meat, fish & veggie
1;3;16;BLAUW BESSEN 150GR;1;2,59;2,59;2021-12-12;Sunday;10:55;morning;supermarket;Delhaize;1;blueberries;fruit & vegetables
1;3;16;BLOEMKOOL;1;1,49;1,49;2021-12-12;Sunday;10:55;morning;supermarket;Delhaize;0;cauliflower;fruit & vegetables
1;3;16;HERTA GEROOKT SPEK;1;2,59;2,59;2021-12-12;Sunday;10:55;morning;supermarket;Delhaize;0;charcuterie;meat, fish & veggie
1;3;16;BEENHAM 150g;2;3,15;6,30;2021-12-12;Sunday;10:55;morning;supermarket;Delhaize;0;charcuterie;meat, fish & veggie
1;3;16;VERSNIJDIUNG DERDEN;1;15,61;15,61;2021-12-12;Sunday;10:55;morning;supermarket;Delhaize;0;charcuterie;meat, fish & veggie
1;3;16;150G LIGHT GERASPT;2;1,45;2,90;2021-12-12;Sunday;10:55;morning;supermarket;Delhaize;0;cheese;dairy & plant based
1;3;16;4X120G DLL GRATIN;1;2,79;2,79;2021-12-12;Sunday;10:55;morning;supermarket;Delhaize;0;cheese;dairy & plant based
1;3;16;MDS FAGOTIN TRADIT;1;3,25;3,25;2021-12-12;Sunday;10:55;morning;supermarket;Delhaize;1;cheese;dairy & plant based
1;3;16;12C DLL LUNGO 05;1;2,49;2,49;2021-12-12;Sunday;10:55;morning;supermarket;Delhaize;0;coffee;beverages
1;3;16;6x33c COCA ZERO;1;4,35;4,35;2021-12-12;Sunday;10:55;morning;supermarket;Delhaize;0;coke;beverages
1;3;16;LU PRINCE START;2;2,39;4,78;2021-12-12;Sunday;10:55;morning;supermarket;Delhaize;0;cookies;snacks
1;3;16;DANONE KAAS 500G;2;1,84;3,68;2021-12-12;Sunday;10:55;morning;supermarket;Delhaize;0;cream cheese;dairy & plant based
1;3;16;750G MCC DUCHESSE;2;3,89;7,78;2021-12-12;Sunday;10:55;morning;supermarket;Delhaize;0;croquettes;frozen foods
1;3;16;6 EIEREN ROLLIE;1;1,76;1,76;2021-12-12;Sunday;10:55;morning;supermarket;Delhaize;0;eggs;dairy & plant based
1;3;16;SCHELVISHAASJE MAP;1;5,16;5,16;2021-12-12;Sunday;10:55;morning;supermarket;Delhaize;1;fish;meat, fish & veggie
1;3;16;SCHELVISHAASJE MAP;1;5,31;5,31;2021-12-12;Sunday;10:55;morning;supermarket;Delhaize;1;fish;meat, fish & veggie
1;3;16;RODE POMPELMOES;1;0,92;0,92;2021-12-12;Sunday;10:55;morning;supermarket;Delhaize;0;grapefruits;fruit & vegetables
1;3;16;DRUIF MIX Z/P 500G;1;2,59;2,59;2021-12-12;Sunday;10:55;morning;supermarket;Delhaize;0;grapes;fruit & vegetables
1;3;16;4x FUZE TEA PEA HIB;2;2,85;5,70;2021-12-12;Sunday;10:55;morning;supermarket;Delhaize;1;ice tea;beverages
1;3;16;KIWI GEEL 6ST;1;4,49;4,49;2021-12-12;Sunday;10:55;morning;supermarket;Delhaize;0;kiwi;fruit & vegetables
1;3;16;CITROENEN;1;0,60;0,60;2021-12-12;Sunday;10:55;morning;supermarket;Delhaize;0;lemons;fruit & vegetables
1;3;16;PERSSINAAS 3KG;1;4,49;4,49;2021-12-12;Sunday;10:55;morning;supermarket;Delhaize;0;oranges;fruit & vegetables
1;3;16;CORDON BLEU;1;5,47;5,47;2021-12-12;Sunday;10:55;morning;supermarket;Delhaize;0;pork;meat, fish & veggie
1;3;16;FRAMBOOS 125G;1;2,49;2,49;2021-12-12;Sunday;10:55;morning;supermarket;Delhaize;1;raspberries;fruit & vegetables
1;3;16;SPINAZIE 450G;1;1,85;1,85;2021-12-12;Sunday;10:55;morning;supermarket;Delhaize;0;spinach;fruit & vegetables
1;3;16;FRISTI 1L;1;1,29;1,29;2021-12-12;Sunday;10:55;morning;supermarket;Delhaize;0;strawberry milk;dairy & plant based
1;4;17;AHMAALTIJDSLA;1;5,49;5,49;2021-12-15;Wednesday;12:07;noon;supermarket;Albert Heijn;1;lunch salad;fruit & vegetables
1;4;18;CAR DR. AMANDEL 1L;1;1,49;1,49;2021-11-20;Saturday;18:58;evening;supermarket;Carrefour;0;almond milk;dairy & plant based
1;4;18;CAR BIO MOUSSELINE;1;1,89;1,89;2021-11-20;Saturday;18:58;evening;supermarket;Carrefour;0;apple sauce;canned foods
1;4;18;GROENE ASPERGES;1;5,99;5,99;2021-11-20;Saturday;18:58;evening;supermarket;Carrefour;0;asparagus;fruit & vegetables
1;4;18;BANANEN CHIQUITA;1;1,48;1,48;2021-11-20;Saturday;18:58;evening;supermarket;Carrefour;0;bananas;fruit & vegetables
1;4;18;RODE PAPRIKA;1;0,72;0,72;2021-11-20;Saturday;18:58;evening;supermarket;Carrefour;0;bell peppers;fruit & vegetables
1;4;18;BROCCOLI 500G;1;0,99;0,99;2021-11-20;Saturday;18:58;evening;supermarket;Carrefour;0;broccoli;fruit & vegetables
1;4;18;ETNA ST NIC GUIM C;1;0,57;0,57;2021-11-20;Saturday;18:58;evening;supermarket;Carrefour;0;candy;snacks
1;4;18;GOUDAJONG SN 300;1;2,39;2,39;2021-11-20;Saturday;18:58;evening;supermarket;Carrefour;0;cheese;dairy & plant based
1;4;18;WP GER KAAS 3X100G;1;1,79;1,79;2021-11-20;Saturday;18:58;evening;supermarket;Carrefour;0;cheese;dairy & plant based
1;4;18;KIPILET 1/2;1;5,57;5,57;2021-11-20;Saturday;18:58;evening;supermarket;Carrefour;0;chicken;meat, fish & veggie
1;4;18;KIPFILET 1/2;1;5,73;5,73;2021-11-20;Saturday;18:58;evening;supermarket;Carrefour;0;chicken;meat, fish & veggie
1;4;18;M&M'S CRISPY 36G;1;0,88;0,88;2021-11-20;Saturday;18:58;evening;supermarket;Carrefour;1;chocolate;snacks
1;4;18;CAR RICOTTA 250G;1;0,89;0,89;2021-11-20;Saturday;18:58;evening;supermarket;Carrefour;0;cream cheese;dairy & plant based
1;4;18;KOMKOMMER;1;0,69;0,69;2021-11-20;Saturday;18:58;evening;supermarket;Carrefour;0;cucumber;fruit & vegetables
1;4;18;WEV EIERKOEKEN 350G;1;2,39;2,39;2021-11-20;Saturday;18:58;evening;supermarket;Carrefour;0;egg cakes;snacks
1;4;18;SIMPL SCHAR EI X12;1;1,35;1,35;2021-11-20;Saturday;18:58;evening;supermarket;Carrefour;0;eggs;dairy & plant based
1;4;18;DISC KABELJAUWFIL;1;5,79;5,79;2021-11-20;Saturday;18:58;evening;supermarket;Carrefour;0;fish;meat, fish & veggie
1;4;18;CV RIV KREEFTVL;1;4,99;4,99;2021-11-20;Saturday;18:58;evening;supermarket;Carrefour;0;fish spread;meat, fish & veggie
1;4;18;ZEIS KETCHUP 425ML;1;2,56;2,56;2021-11-20;Saturday;18:58;evening;supermarket;Carrefour;0;ketchup;condiments
1;4;18;VARKENSKALFGEHAKT;1;4,65;4,65;2021-11-20;Saturday;18:58;evening;supermarket;Carrefour;0;minced meat;meat, fish & veggie
1;4;18;CAR HAVERMOUT 800G;1;1,59;1,59;2021-11-20;Saturday;18:58;evening;supermarket;Carrefour;0;oatmeal;breakfast & spreads
1;4;18;PASTINAAK 350G;1;1,69;1,69;2021-11-20;Saturday;18:58;evening;supermarket;Carrefour;0;parsnip;fruit & vegetables
1;4;18;SEIZOEN SLA 200G;1;1,89;1,89;2021-11-20;Saturday;18:58;evening;supermarket;Carrefour;0;salad;fruit & vegetables
1;4;18;IJSBERGSLA;1;0,99;0,99;2021-11-20;Saturday;18:58;evening;supermarket;Carrefour;0;salad;fruit & vegetables
1;4;18;CAR SKYR VAN 150G;1;0,65;0,65;2021-11-20;Saturday;18:58;evening;supermarket;Carrefour;0;skyr;dairy & plant based
1;4;18;CAR SKYR B BES 150;1;0,65;0,65;2021-11-20;Saturday;18:58;evening;supermarket;Carrefour;0;skyr;dairy & plant based
1;4;18;SPINAZIE 450G;1;1,79;1,79;2021-11-20;Saturday;18:58;evening;supermarket;Carrefour;0;spinach;fruit & vegetables
1;4;18;ZOETE AARDAPPEL;1;2,48;2,48;2021-11-20;Saturday;18:58;evening;supermarket;Carrefour;0;sweet potatoes;fruit & vegetables
1;4;18;KERSTOM 400G;1;1,59;1,59;2021-11-20;Saturday;18:58;evening;supermarket;Carrefour;0;tomatoes;fruit & vegetables
1;4;18;CAR BIO YOG 2X150G;1;1,59;1,59;2021-11-20;Saturday;18:58;evening;supermarket;Carrefour;1;yoghurt;dairy & plant based
1;4;18;COURGETTEN;1;0,60;0,60;2021-11-20;Saturday;18:58;evening;supermarket;Carrefour;0;zucchini;fruit & vegetables
1;4;19;ZWARTE WOUD BROOD;1;2,60;2,60;2021-11-21;Sunday;09:30;morning;bakery;Sys;0;bread;bakery
1;4;19;GROF BROOD GESN;1;2,50;2,50;2021-11-21;Sunday;09:30;morning;bakery;Sys;0;bread;bakery
1;4;19;SUIS GELE CRÈME;1;1,30;1,30;2021-11-21;Sunday;09:30;morning;bakery;Sys;0;pastry;bakery
1;4;19;BOOTJE;1;1,30;1,30;2021-11-21;Sunday;09:30;morning;bakery;Sys;0;pastry;bakery
1;4;20;FRIKANDON;1;1,64;1,64;2021-11-21;Sunday;09:52;morning;butcher;Versavel Poelman;0;charcuterie;meat, fish & veggie
1;4;20;GRILL-WORST;1;3,10;3,10;2021-11-21;Sunday;09:52;morning;butcher;Versavel Poelman;0;charcuterie;meat, fish & veggie
1;4;20;DROGE WORST;1;1,06;1,06;2021-11-21;Sunday;09:52;morning;butcher;Versavel Poelman;0;charcuterie;meat, fish & veggie
1;4;20;NEPTUNESALADA;1;2,98;2,98;2021-11-21;Sunday;09:52;morning;butcher;Versavel Poelman;0;fish spread;meat, fish & veggie
1;4;20;PREPARE DU CHEF;1;2,02;2,02;2021-11-21;Sunday;09:52;morning;butcher;Versavel Poelman;0;meat spread;meat, fish & veggie
1;4;20;KIPSALADE;1;2,77;2,77;2021-11-21;Sunday;09:52;morning;butcher;Versavel Poelman;0;meat spread;meat, fish & veggie
1;4;20;HASPENGOUWSE SALADA;1;2,59;2,59;2021-11-21;Sunday;09:52;morning;butcher;Versavel Poelman;0;meat spread;meat, fish & veggie
1;4;21;BROOD grof gesneden;1;2,50;2,50;2021-11-21;Sunday;10:30;morning;bakery;Sys;0;bread;bakery
1;4;21;Thaise KIPSALADE 130g;1;2,77;2,77;2021-11-21;Sunday;10:30;morning;bakery;Sys;0;meat spread;meat, fish & veggie
1;5;22;KALKOEN M/TUINKRUIDEN;1;2,53;2,53;2021-12-20;Monday;10:07;morning;butcher;Versavel Poelman;0;charcuterie;meat, fish & veggie
1;5;22;GEB. BOULETTEN;1;2,32;2,32;2021-12-20;Monday;10:07;morning;butcher;Versavel Poelman;0;charcuterie;meat, fish & veggie
1;5;22;KIPFILET;1;1,93;1,93;2021-12-20;Monday;10:07;morning;butcher;Versavel Poelman;0;charcuterie;meat, fish & veggie
1;5;22;KGOUDA JONG;1;4,19;4,19;2021-12-20;Monday;10:07;morning;butcher;Versavel Poelman;0;cheese;dairy & plant based
1;5;22;PREPARE DU CHEF;1;1,84;1,84;2021-12-20;Monday;10:07;morning;butcher;Versavel Poelman;0;meat spread;meat, fish & veggie
1;5;22;KIPSALADE;1;2,60;2,60;2021-12-20;Monday;10:07;morning;butcher;Versavel Poelman;0;meat spread;meat, fish & veggie
1;5;23;LANG ZESGRANEN;1;2,50;2,5;2021-12-20;Monday;10:20;morning;bakery;Sys;0;bread;bakery
1;5;23;GROF BROOD GESN.;1;2,50;2,5;2021-12-20;Monday;10:20;morning;bakery;Sys;0;bread;bakery
1;5;24;KASTEEL bier Rouge 8,0%vol 6x33cl;1;9,48;9,48;2021-12-21;Tuesday;11:40;morning;supermarket;Okay;0;beer;beverages
1;5;24;ST BERNARDUS Abt 12 4x33cl;1;6,44;6,44;2021-12-21;Tuesday;11:40;morning;supermarket;Okay;0;beer;beverages
1;5;24;OMER bier blond 8,0%vol 6x33cl;1;8,33;8,33;2021-12-21;Tuesday;11:40;morning;supermarket;Okay;0;beer;beverages
1;5;24;EVERYDAY bouillon groenten 12x10g;1;0,39;0,39;2021-12-21;Tuesday;11:40;morning;supermarket;Okay;0;bouillon;cooking aid
1;5;24;wortelen los;1;0,25;0,25;2021-12-21;Tuesday;11:40;morning;supermarket;Okay;0;carrots;fruit & vegetables
1;5;24;TAPERO salamiblokjes 200g;1;3,09;3,09;2021-12-21;Tuesday;11:40;morning;supermarket;Okay;0;charcuterie;meat, fish & veggie
1;5;24;BONI Gratin Mix geraspt 200g;1;1,39;1,39;2021-12-21;Tuesday;11:40;morning;supermarket;Okay;0;cheese;dairy & plant based
1;5;24;EVERYDAY geitenkaas rol gerijpt 180g;2;1,49;2,98;2021-12-21;Tuesday;11:40;morning;supermarket;Okay;0;cheese;dairy & plant based
1;5;24;TAPERO Abdijkaas Grimbergen kubus 150g;1;2,99;2,99;2021-12-21;Tuesday;11:40;morning;supermarket;Okay;0;cheese;dairy & plant based
1;5;24;OKAY gebakken kip met saus 1,1kg;1;7,09;7,09;2021-12-21;Tuesday;11:40;morning;supermarket;Okay;0;chicken;meat, fish & veggie
1;5;24;OKAY kippenfiletreepjes 500g;1;5,29;5,29;2021-12-21;Tuesday;11:40;morning;supermarket;Okay;0;chicken;meat, fish & veggie
1;5;24;OKAY Kippenborstfilet 600g;1;5,99;5,99;2021-12-21;Tuesday;11:40;morning;supermarket;Okay;0;chicken;meat, fish & veggie
1;5;24;BONI witloof 500g;1;1,79;1,79;2021-12-21;Tuesday;11:40;morning;supermarket;Okay;0;chicory;fruit & vegetables
1;5;24;witloof extra Flandria Los;1;0,37;0,37;2021-12-21;Tuesday;11:40;morning;supermarket;Okay;0;chicory;fruit & vegetables
1;5;24;LAY'S strong chilli&lime 150g;1;1,60;1,60;2021-12-21;Tuesday;11:40;morning;supermarket;Okay;0;chips;snacks
1;5;24;RABEKO Choco light 250g;1;2,82;2,82;2021-12-21;Tuesday;11:40;morning;supermarket;Okay;0;chocolate spread;breakfast & spreads
1;5;24;COCA-COLA Zero Sugar 33cl;15;0,65;9,68;2021-12-21;Tuesday;11:40;morning;supermarket;Okay;0;coke;beverages
1;5;24;komkommer;1;0,69;0,69;2021-12-21;Tuesday;11:40;morning;supermarket;Okay;0;cucumbers;fruit & vegetables
1;5;24;BONI Belgische scharreleieren L 6st;1;1,79;1,79;2021-12-21;Tuesday;11:40;morning;supermarket;Okay;0;eggs;dairy & plant based
1;5;24;POCO LOCO Mexican fajita mix 40g;1;1,39;1,39;2021-12-21;Tuesday;11:40;morning;supermarket;Okay;0;fajita herbs;cooking aid
1;5;24;MCCAIN country potatoes met kruiden 750g;1;3,29;3,29;2021-12-21;Tuesday;11:40;morning;supermarket;Okay;0;french fries;frozen foods
1;5;24;gember los;1;0,06;0,06;2021-12-21;Tuesday;11:40;morning;supermarket;Okay;0;ginger;fruit & vegetables
1;5;24;BONI halfvolle melk PET 50cl;6;0,50;2,99;2021-12-21;Tuesday;11:40;morning;supermarket;Okay;0;milk;dairy & plant based
1;5;24;EVERYDAY paella royale 1,5kg;1;4,58;4,58;2021-12-21;Tuesday;11:40;morning;supermarket;Okay;0;paella;frozen foods
1;5;24;PASTINAAK (los);1;0,96;0,96;2021-12-21;Tuesday;11:40;morning;supermarket;Okay;0;parsnip;fruit & vegetables
1;5;24;BONI pecannooten 200g;1;4,39;4,39;2021-12-21;Tuesday;11:40;morning;supermarket;Okay;0;pecan nuts;nuts, seeds & dried fruit
1;5;24;BELVIVA röstis 750g;1;3,65;3,65;2021-12-21;Tuesday;11:40;morning;supermarket;Okay;0;röstis;frozen foods
1;5;24;ijsbergsla 1 stuk;1;0,89;0,89;2021-12-21;Tuesday;11:40;morning;supermarket;Okay;0;salad;fruit & vegetables
1;5;24;lente uitjes bot;1;0,99;0,99;2021-12-21;Tuesday;11:40;morning;supermarket;Okay;0;spring onions;fruit & vegetables
1;5;24;EVERYDAY loempia kip ham 700g;1;1,70;1,70;2021-12-21;Tuesday;11:40;morning;supermarket;Okay;0;spring roll;frozen foods
1;5;24;BONI zoete aardappel (los);1;6,56;6,56;2021-12-21;Tuesday;11:40;morning;supermarket;Okay;0;sweet potatoes;fruit & vegetables
1;5;24;BONI tomatenpuree dubbel geconcentr. 70g;2;0,23;0,46;2021-12-21;Tuesday;11:40;morning;supermarket;Okay;0;tomato paste;cooking aid
1;5;25;SANDWICH;6;0,60;3,6;2021-12-21;Tuesday;11:55;morning;bakery;Sys;0;sandwich;bakery
1;5;26;MATERNE appelcompote stuk bok 850g;1;2,42;2,42;2022-01-08;Saturday;10:58;morning;supermarket;Okay;0;apple sauce;canned foods
1;5;26;paprika punt zoet rood los;1;0,84;0,84;2022-01-08;Saturday;10:58;morning;supermarket;Okay;0;bell peppers;fruit & vegetables
1;5;26;broccoli 1st 500g;1;0,99;0,99;2022-01-08;Saturday;10:58;morning;supermarket;Okay;0;broccoli;fruit & vegetables
1;5;26;HAK erwt wortelen extra fijn 680g;1;2,01;2,01;2022-01-08;Saturday;10:58;morning;supermarket;Okay;0;carrots and peas;canned foods
1;5;26;IGLO bloemkool met roomsaus 450g;1;3,89;3,89;2022-01-08;Saturday;10:58;morning;supermarket;Okay;0;cauliflower;frozen foods
1;5;26;BONI Beenham meesterl. Glutenvrij 200g;1;3,19;3,19;2022-01-08;Saturday;10:58;morning;supermarket;Okay;0;charcuterie;meat, fish & veggie
1;5;26;BONI Gratin Mix geraspt 200g;1;1,39;1,39;2022-01-08;Saturday;10:58;morning;supermarket;Okay;0;cheese;dairy & plant based
1;5;26;BONI gouda light sneetjes 250g;1;2,49;2,49;2022-01-08;Saturday;10:58;morning;supermarket;Okay;0;cheese;dairy & plant based
1;5;26;OKAY Kippenborstfilet 600g;1;5,79;5,79;2022-01-08;Saturday;10:58;morning;supermarket;Okay;0;chicken;meat, fish & veggie
1;5;26;BONI koriander vers 20g;1;0,99;0,99;2022-01-08;Saturday;10:58;morning;supermarket;Okay;0;coriander;fruit & vegetables
1;5;26;BONI Belgische scharreleieren L 6st;1;1,99;1,99;2022-01-08;Saturday;10:58;morning;supermarket;Okay;0;eggs;dairy & plant based
1;5;26;MCCAIN country potatoes met kruiden 750g;1;3,29;3,29;2022-01-08;Saturday;10:58;morning;supermarket;Okay;0;french fries;frozen foods
1;5;26;BONI aardappelpuree wortel 1kg;1;2,08;2,08;2022-01-08;Saturday;10:58;morning;supermarket;Okay;0;mashed potatoes;frozen foods
1;5;26;BONI forestiere mix 1kg;1;3,49;3,49;2022-01-08;Saturday;10:58;morning;supermarket;Okay;0;potatoes;frozen foods
1;5;26;verse knoflook los;1;1,35;1,35;2022-01-08;Saturday;10:58;morning;supermarket;Okay;0;garlic;fruit & vegetables
1;5;26;BONI druiven pitloos mix 500g;1;2,29;2,29;2022-01-08;Saturday;10:58;morning;supermarket;Okay;0;grapes;fruit & vegetables
1;5;26;BONI Iced Tea Peach niet-bruisend 0,5L;1;0,47;0,47;2022-01-08;Saturday;10:58;morning;supermarket;Okay;0;ice tea;beverages
1;5;26;prei Los;1;0,58;0,58;2022-01-08;Saturday;10:58;morning;supermarket;Okay;0;leek;fruit & vegetables
1;5;26;OKAY gekruid kalfsgehakt 400g;1;5,97;5,97;2022-01-08;Saturday;10:58;morning;supermarket;Okay;0;minced meat;meat, fish & veggie
1;5;26;OKAY gekruid varken/kalf gekruid 500g;1;4,20;4,20;2022-01-08;Saturday;10:58;morning;supermarket;Okay;1;minced meat;meat, fish & veggie
1;5;26;Uien los;1;0,27;0,27;2022-01-08;Saturday;10:58;morning;supermarket;Okay;0;onions;fruit & vegetables
1;5;26;BONI pistachenoten gepeld 200g;1;8,45;8,45;2022-01-08;Saturday;10:58;morning;supermarket;Okay;0;pistachio;nuts, seeds & dried fruit
1;5;26;OK POM-PURE vastkokend aardappelen 1kg;1;1,59;1,59;2022-01-08;Saturday;10:58;morning;supermarket;Okay;0;potatoes;fruit & vegetables
1;5;26;JOYVALLE pudding griesmeel natuur 135g;2;0,99;1,98;2022-01-08;Saturday;10:58;morning;supermarket;Okay;0;pudding;dairy & plant based
1;5;26;BONI fijnproeversmix Rucola 250g;1;2,69;2,69;2022-01-08;Saturday;10:58;morning;supermarket;Okay;0;salad;fruit & vegetables
1;5;26;EVERYDAY zalmfil. at. z. grat. ASC 2x125g;2;3,99;7,98;2022-01-08;Saturday;10:58;morning;supermarket;Okay;0;salmon;frozen foods
1;5;26;EVERYDAY scampi gepeld medium ASC 50g;1;8,32;8,32;2022-01-08;Saturday;10:58;morning;supermarket;Okay;0;scampi;frozen foods
1;5;26;BONI tomatensoep met balletjes 950ml;1;1,99;1,99;2022-01-08;Saturday;10:58;morning;supermarket;Okay;0;soup;beverages
1;5;26;LIEBIG DELISOUP wortel pomp.bal. brik 1L;1;2,49;2,49;2022-01-08;Saturday;10:58;morning;supermarket;Okay;0;soup;beverages
1;5;26;lenteuitjes bot;1;0,99;0,99;2022-01-08;Saturday;10:58;morning;supermarket;Okay;0;spring onions;fruit & vegetables
1;5;26;EVERYDAY loempia kip ham 700g;1;1,46;1,46;2022-01-08;Saturday;10:58;morning;supermarket;Okay;0;spring roll;frozen foods
1;5;26;BONI zoete aardappel (los);1;4,18;4,18;2022-01-08;Saturday;10:58;morning;supermarket;Okay;0;sweet potatoes;fruit & vegetables
1;5;26;BONI tomatenpuree dubbel geconcentr. 70g;2;0,23;0,46;2022-01-08;Saturday;10:58;morning;supermarket;Okay;0;tomato paste;canned foods
1;5;26;BONI BIO cocktailtomaten 250g;1;2,49;2,49;2022-01-08;Saturday;10:58;morning;supermarket;Okay;0;tomatoes;fruit & vegetables
1;5;26;DANONE ACTIVIA VOL KOKOSNOOT 4X125G;1;1,75;1,75;2022-01-08;Saturday;10:58;morning;supermarket;Okay;0;yoghurt;dairy & plant based
1;5;27;GROF BROOD GESN.;1;2,50;2,50;2022-01-08;Saturday;11:00;morning;bakery;Sys;0;bread;bakery
1;5;27;LANG ZESGRANEN BROOD;1;2,50;2,50;2022-01-08;Saturday;11:00;morning;bakery;Sys;0;bread;bakery
1;5;27;SANDWICH;4;0,60;2,40;2022-01-08;Saturday;11:00;morning;bakery;Sys;0;sandwich;bakery
1;5;28;BROCHETTEN R-V;1;5,75;5,75;2022-01-08;Saturday;11:06;morning;butcher;Versavel Poelman;0;beef;meat, fish & veggie
1;5;28;FRIKANDON;1;2,26;2,26;2022-01-08;Saturday;11:06;morning;butcher;Versavel Poelman;0;charcuterie;meat, fish & veggie
1;5;28;GRILL-WORST;1;3,02;3,02;2022-01-08;Saturday;11:06;morning;butcher;Versavel Poelman;0;charcuterie;meat, fish & veggie
1;5;28;PREPARE DU CHEF;1;3,09;3,09;2022-01-08;Saturday;11:06;morning;butcher;Versavel Poelman;0;meat spread;meat, fish & veggie
1;5;28;HASPENGOUWSE SALADE;1;2,22;2,22;2022-01-08;Saturday;11:06;morning;butcher;Versavel Poelman;0;meat spread;meat, fish & veggie
1;5;28;KIPSALADE;1;2,69;2,69;2022-01-08;Saturday;11:06;morning;butcher;Versavel Poelman;0;meat spread;meat, fish & veggie
1;5;28;HOEVE BURGER;1;6,53;6,53;2022-01-08;Saturday;11:06;morning;butcher;Versavel Poelman;0;pork;meat, fish & veggie
1;6;29;LULU BEERTJE LU CAKE;1;1,39;1,39;2022-01-11;Tuesday;17:02;afternoon;drugstore;Kruidvat;0;cookies;snacks
1;6;29;COVID ZELFTEST;1;14,95;14,95;2022-01-11;Tuesday;17:02;afternoon;drugstore;Kruidvat;0;covid tests;care & hyygiene
1;6;29;PYRAMIDE BOSVRUCHTEN THEE;1;1,79;1,79;2022-01-11;Tuesday;17:02;afternoon;drugstore;Kruidvat;0;tea;beverages
1;6;30;GROF BROOD GESN.;1;2,50;2,50;2022-01-15;Saturday;08:02;morning;bakery;Sys;0;bread;bakery
1;6;30;DIVERSEN: CHOCOLADEMELK INEX;1;2,30;2,30;2022-01-15;Saturday;08:02;morning;bakery;Sys;0;chocolate milk;dairy & plant based
1;6;30;CHOCOLADE CRÈME KOEK;4;1,30;5,20;2022-01-15;Saturday;08:02;morning;bakery;Sys;0;danish;bakery
1;6;30;FRUITKOEK;4;1,40;5,60;2022-01-15;Saturday;08:02;morning;bakery;Sys;0;danish;bakery
1;6;30;BOOTJE;2;1,40;2,80;2022-01-15;Saturday;08:02;morning;bakery;Sys;0;danish;bakery
1;6;30;DIVERSEN: NOORDZEESALADE;1;5,40;5,40;2022-01-15;Saturday;08:02;morning;bakery;Sys;0;fish spread;meat, fish & veggie
1;6;31;PAPRIKA ROOD;1;0,84;0,84;2022-01-16;Sunday;08:45;morning;supermarket;Delhaize;0;bell peppers;fruit & vegetables
1;6;31;BROCCOLI VERP 1STK;1;1,59;1,59;2022-01-16;Sunday;08:45;morning;supermarket;Delhaize;0;broccoli;fruit & vegetables
1;6;31;WORTELS LOS;1;0,24;0,24;2022-01-16;Sunday;08:45;morning;supermarket;Delhaize;0;carrots;fruit & vegetables
1;6;31;KELLOGG'S TRESOR MELKCHOC;1;4,29;4,29;2022-01-16;Sunday;08:45;morning;supermarket;Delhaize;0;cereal;breakfast & spreads
1;6;31;LOUIS CHORIZO 150GR;1;3,69;3,69;2022-01-16;Sunday;08:45;morning;supermarket;Delhaize;0;charcuterie;meat, fish & veggie
1;6;31;BEEMSTER JONG VFP TR 250G;1;3,59;3,59;2022-01-16;Sunday;08:45;morning;supermarket;Delhaize;0;cheese;dairy & plant based
1;6;31;FETA GRECO 200GR;1;2,99;2,99;2022-01-16;Sunday;08:45;morning;supermarket;Delhaize;0;cheese;dairy & plant based
1;6;31;BON'AP KIPFILET 800GR;1;7,43;7,43;2022-01-16;Sunday;08:45;morning;supermarket;Delhaize;0;chicken;meat, fish & veggie
1;6;31;WW KIPFILET 120GR;1;2,65;2,65;2022-01-16;Sunday;08:45;morning;supermarket;Delhaize;0;chicken;meat, fish & veggie
1;6;31;M&M KIPPENGEHAKT 500GR;1;4,91;4,91;2022-01-16;Sunday;08:45;morning;supermarket;Delhaize;0;minced meat;meat, fish & veggie
1;6;31;BIESLOOK BIO POTJE 1STK;1;1,69;1,69;2022-01-16;Sunday;08:45;morning;supermarket;Delhaize;0;chives;fruit & vegetables
1;6;31;SO THAI KOKOSNOTENMELK 40;1;2,99;2,99;2022-01-16;Sunday;08:45;morning;supermarket;Delhaize;0;coconut milk;dairy & plant based
1;6;31;CORA PODS LUNGO 16STK;1;4,39;4,39;2022-01-16;Sunday;08:45;morning;supermarket;Delhaize;0;coffee;beverages
1;6;31;COCA COLA ZERO SUGAR CAN;1;4,35;4,35;2022-01-16;Sunday;08:45;morning;supermarket;Delhaize;0;coke;beverages
1;6;31;PRINCE START NATUUR 300GR;1;2,39;2,39;2022-01-16;Sunday;08:45;morning;supermarket;Delhaize;0;cookies;snacks
1;6;31;PRINCE START NATUUR 300GR;1;2,39;2,39;2022-01-16;Sunday;08:45;morning;supermarket;Delhaize;0;cookies;snacks
1;6;31;ALPRO SOYA CUISINE BRIK 2;1;3,59;3,59;2022-01-16;Sunday;08:45;morning;supermarket;Delhaize;0;cream;dairy & plant based
1;6;31;SO THAI GROENE CURRYPASTA;1;2,09;2,09;2022-01-16;Sunday;08:45;morning;supermarket;Delhaize;0;curry paste;condiments
1;6;31;HERTA KRUIMELDEEG 230gr;1;2,70;2,70;2022-01-16;Sunday;08:45;morning;supermarket;Delhaize;0;dough;bakery
1;6;31;COLUMBUS EIEREN LARGE 6ST;1;2,90;2,90;2022-01-16;Sunday;08:45;morning;supermarket;Delhaize;0;eggs;dairy & plant based
1;6;31;LOOK VERPAKT 175GR;1;1,59;1,59;2022-01-16;Sunday;08:45;morning;supermarket;Delhaize;0;garlic;fruit & vegetables
1;6;31;GOLD KIWI;4;0,85;3,40;2022-01-16;Sunday;08:45;morning;supermarket;Delhaize;0;kiwi;fruit & vegetables
1;6;31;PREI;1;1,79;1,79;2022-01-16;Sunday;08:45;morning;supermarket;Delhaize;0;leek;fruit & vegetables
1;6;31;LOUIS VLEESSALADE 120GR;1;1,85;1,85;2022-01-16;Sunday;08:45;morning;supermarket;Delhaize;0;meat salad;meat, fish & veggie
1;6;31;CHAMPIGNONS 250GR;1;1,30;1,30;2022-01-16;Sunday;08:45;morning;supermarket;Delhaize;0;mushrooms;fruit & vegetables
1;6;31;SIMPL GEROOKTE ZALM NO200;1;4,89;4,89;2022-01-16;Sunday;08:45;morning;supermarket;Delhaize;0;salmon;meat, fish & veggie
1;6;31;GO TAN WOKSAUS ZOET ZUUR;1;3,79;3,79;2022-01-16;Sunday;08:45;morning;supermarket;Delhaize;0;sauce;condiments
1;6;31;EASY SOJASCHEUTEN 250G;1;1,05;1,05;2022-01-16;Sunday;08:45;morning;supermarket;Delhaize;0;soy beans;fruit & vegetables
1;6;31;TOMAAT COEUR BOEUF CAT 2S;1;3,49;3,49;2022-01-16;Sunday;08:45;morning;supermarket;Delhaize;0;tomatoes;fruit & vegetables
1;6;31;OIKOS YOG VANILLE 4X115GR;1;3,95;3,95;2022-01-16;Sunday;08:45;morning;supermarket;Delhaize;0;yoghurt;dairy & plant based
1;6;31;COURGETTE;1;1,36;1,36;2022-01-16;Sunday;08:45;morning;supermarket;Delhaize;0;zucchini;fruit & vegetables
1;7;32;PAD THAI;1;5,59;5,59;2022-01-12;Monday;12:32;noon;supermarket;Albert Heijn;1;lunch;meat, fish & veggie
1;7;32;FRAMBOZEN;1;2,49;2,49;2022-01-17;Monday;12:32;noon;supermarket;Albert Heijn;0;raspberries;fruit & vegetables
1;7;33;MILKA TABLET;1;0,99;0,99;2022-01-20;Thursday;12:37;noon;supermarket;Albert Heijn;0;chocolate;snacks
1;7;33;FRUITSALADE;1;3,00;3,00;2022-01-20;Thursday;12:37;noon;supermarket;Albert Heijn;1;fruit salad;fruit & vegetables
1;7;33;AH MAALTIJDSALADE;1;4,99;4,99;2022-01-20;Thursday;12:37;noon;supermarket;Albert Heijn;0;lunch salad;fruit & vegetables
1;7;34;MORA Oven goudse kaasballetjes 14x20g;1;4,79;4,79;2022-01-22;Saturday;16:18;afternoon;supermarket;Okay;0;cheese;dairy & plant based
1;7;34;BONI Iced Tea Peach niet-bruisend 0,5L;6;0,47;2,79;2022-01-22;Saturday;16:18;afternoon;supermarket;Okay;0;ice tea;beverages
1;7;34;BONI Pizza Hawai 460g;1;3,99;3,99;2022-01-22;Saturday;16:18;afternoon;supermarket;Okay;0;pizza;frozen foods
1;7;34;BONI Pizza Rondo di Roma 450g;1;3,99;3,99;2022-01-22;Saturday;16:18;afternoon;supermarket;Okay;0;pizza;frozen foods
1;8;35;VERSE PASTA;1;4,99;4,99;2022-01-24;Monday;12:04;noon;supermarket;Albert Heijn;0;lunch salad;fruit & vegetables
1;8;35;FRAMBOZEN;1;2,39;2,39;2022-01-24;Monday;12:04;noon;supermarket;Albert Heijn;1;raspberries;fruit & vegetables
1;8;36;DRAAGTAS;1;0,50;0,50;2022-01-24;Monday;18:50;evening;supermarket;Albert Heijn;0;bag;non-food
1;8;36;AH BANANEN;1;0,99;0,99;2022-01-24;Monday;18:50;evening;supermarket;Albert Heijn;0;bananas;fruit & vegetables
1;8;36;RUNDERGEHAKT;1;3,59;3,59;2022-01-24;Monday;18:50;evening;supermarket;Albert Heijn;0;beef;meat, fish & veggie
1;8;36;ST BERNARDUS;1;3,06;3,06;2022-01-24;Monday;18:50;evening;supermarket;Albert Heijn;0;beer;beverages
1;8;36;BRAMEN;1;2,79;2,79;2022-01-24;Monday;18:50;evening;supermarket;Albert Heijn;0;blackberries;fruit & vegetables
1;8;36;BRUGGE;1;2,89;2,89;2022-01-24;Monday;18:50;evening;supermarket;Albert Heijn;0;cheese;dairy & plant based
1;8;36;WW KIPFILET;1;2,29;2,29;2022-01-24;Monday;18:50;evening;supermarket;Albert Heijn;0;minced meat;meat, fish & veggie
1;8;36;KIPFILETHAAS;1;4,49;4,49;2022-01-24;Monday;18:50;evening;supermarket;Albert Heijn;0;chicken;meat, fish & veggie
1;8;36;AH TABLET;1;1,59;1,59;2022-01-24;Monday;18:50;evening;supermarket;Albert Heijn;0;chocolate;snacks
1;8;36;KOKOS;1;3,99;3,99;2022-01-24;Monday;18:50;evening;supermarket;Albert Heijn;0;coconut;fruit & vegetables
1;8;36;AH KOKOS NAT;1;1,99;1,99;2022-01-24;Monday;18:50;evening;supermarket;Albert Heijn;0;coconut;fruit & vegetables
1;8;36;FRUITBISCUIT;1;1,29;1,29;2022-01-24;Monday;18:50;evening;supermarket;Albert Heijn;0;cookies;snacks
1;8;36;MERGPIJPJES;1;1,59;1,59;2022-01-24;Monday;18:50;evening;supermarket;Albert Heijn;1;cookies;snacks
1;8;36;PREP CHEF B;1;2,33;2,33;2022-01-24;Monday;18:50;evening;supermarket;Albert Heijn;0;meat spread;meat, fish & veggie
1;8;36;AH MUESLI;1;1,79;1,79;2022-01-24;Monday;18:50;evening;supermarket;Albert Heijn;0;muesli;breakfast & spreads
1;8;36;FRAMBOZEN;1;2,39;2,39;2022-01-24;Monday;18:50;evening;supermarket;Albert Heijn;0;raspberries;fruit & vegetables
1;8;36;BOSTO THAI B;1;1,59;1,59;2022-01-24;Monday;18:50;evening;supermarket;Albert Heijn;0;rice;pasta & rice
1;8;36;BASMATI B ;1;1,99;1,99;2022-01-24;Monday;18:50;evening;supermarket;Albert Heijn;0;rice;pasta & rice
1;8;36;SW BROODJES;1;0,89;0,89;2022-01-24;Monday;18:50;evening;supermarket;Albert Heijn;0;sandwich;bakery
1;8;36;OPTIM KWARK;1;1,99;1,99;2022-01-24;Monday;18:50;evening;supermarket;Albert Heijn;0;soft cheese;dairy & plant based
1;8;36;PICKWICK TEA;1;2,19;2,19;2022-01-24;Monday;18:50;evening;supermarket;Albert Heijn;0;tea;beverages
1;8;36;VERSPAKKET;1;4,99;4,99;2022-01-24;Monday;18:50;evening;supermarket;Albert Heijn;1;vegetable box;fruit & vegetables
1;8;36;MEXICAANSE CHILI PAKKET;1;4,99;4,99;2022-01-24;Monday;18:50;evening;supermarket;Albert Heijn;1;vegetable box;fruit & vegetables
1;8;36;ROOMYOGHURT;1;1,09;1,09;2022-01-24;Monday;18:50;evening;supermarket;Albert Heijn;0;yoghurt;dairy & plant based
1;8;36;ISEY SKYR CR;1;1,69;1,69;2022-01-24;Monday;18:50;evening;supermarket;Albert Heijn;0;yoghurt;dairy & plant based
1;8;36;ISEY APPPEL;1;1,69;1,69;2022-01-24;Monday;18:50;evening;supermarket;Albert Heijn;0;yoghurt;dairy & plant based
1;8;37;AH MAALTIJDSALADE;1;3,50;3,50;2022-01-26;Wednesday;12:36;noon;supermarket;Albert Heijn;0;lunch salad;fruit & vegetables
1;8;37;AH GR BIET GEITENKAAS SALADE;1;2,99;2,99;2022-01-26;Wednesday;12:36;noon;supermarket;Albert Heijn;0;lunch salad;fruit & vegetables
1;8;38;EIERKOEKEN;1;1,69;1,69;2022-01-27;Thursday;11:20;morning;supermarket;Albert Heijn;1;egg cakes;snacks
1;8;38;AH MLTSALADE;1;5,49;5,49;2022-01-27;Thursday;11:20;morning;supermarket;Albert Heijn;1;lunch salad;fruit & vegetables
1;8;38;MENTOS;1;3,89;3,89;2022-01-27;Thursday;11:20;morning;supermarket;Albert Heijn;0;mints;snacks
1;8;39;AH MLTSALADE;1;2,95;2,95;2022-01-27;Friday;12:15;noon;supermarket;Albert Heijn;0;lunch salad;fruit & vegetables
2;1;1;HAMBURGERBROODJES 6X55;1;0,99;0,99;2021-11-23;Tuesday;18:41;evening;supermarket;Aldi;0;sandwiches;bakery
2;1;1;WITTE BAGUETTEN/BROODJ;1;0,39;0,39;2021-11-23;Tuesday;18:41;evening;supermarket;Aldi;0;sandwiches;bakery
2;1;1;KEIZERBROODJES 4ST;3;0,69;2,07;2021-11-23;Tuesday;18:41;evening;supermarket;Aldi;0;sandwiches;bakery
2;1;1;PITABROODJES 4X80G;1;0,99;0,99;2021-11-23;Tuesday;18:41;evening;supermarket;Aldi;0;pita bread;bakery
2;1;1;PANNENKOEKENMIX 446;1;2,99;2,99;2021-11-23;Tuesday;18:41;evening;supermarket;Aldi;0;pancake mix;bakery
2;1;1;ROYCO POMPOEN/TOMAAT;1;1,55;1,55;2021-11-23;Tuesday;18:41;evening;supermarket;Aldi;0;soup;beverages
2;1;1;ROYCO STGERMAIN3ST/KIP;1;1,55;1,55;2021-11-23;Tuesday;18:41;evening;supermarket;Aldi;0;soup;beverages
2;1;1;ICED TEA GREEN 6X33CL;1;2,15;2,15;2021-11-23;Tuesday;18:41;evening;supermarket;Aldi;0;ice tea;beverages
2;1;1;TANDENBORSTELS 2ST;1;0,59;0,59;2021-11-23;Tuesday;18:41;evening;supermarket;Aldi;0;toothbrush;care & hygiene
2;1;1;CURRYSAUS 510G;1;0,99;0,99;2021-11-23;Tuesday;18:41;evening;supermarket;Aldi;0;curry sauce;condiments
2;1;1;HALFVOLLE MELK 50CL;1;0,47;0,47;2021-11-23;Tuesday;18:41;evening;supermarket;Aldi;0;milk;dairy & plant based
2;1;1;WATOU PER KG;1;4,53;4,53;2021-11-23;Tuesday;18:41;evening;supermarket;Aldi;0;cheese;dairy & plant based
2;1;1;BUTELLA OMEGA 3 250G;1;0,49;0,49;2021-11-23;Tuesday;18:41;evening;supermarket;Aldi;0;butter;dairy & plant based
2;1;1;IJSSTICKES STAR SELECT;2;1,79;3,58;2021-11-23;Tuesday;18:41;evening;supermarket;Aldi;0;popsicles;frozen foods
2;1;1;PIZZA MOZARELLA 2X335G;1;2,49;2,49;2021-11-23;Tuesday;18:41;evening;supermarket;Aldi;0;pizza;frozen foods
2;1;1;PIZZA SPECIALE 2X330G;1;2,49;2,49;2021-11-23;Tuesday;18:41;evening;supermarket;Aldi;0;pizza;frozen foods
2;1;1;PARTY SNACKS 32X18G;1;1,89;1,89;2021-11-23;Tuesday;18:41;evening;supermarket;Aldi;0;frozen snacks;frozen foods
2;1;1;WOKGROENTEN 400G;1;1,45;1,45;2021-11-23;Tuesday;18:41;evening;supermarket;Aldi;0;vegetable mix;fruit & vegetables
2;1;1;NOTENSLA 75G;1;0,79;0,79;2021-11-23;Tuesday;18:41;evening;supermarket;Aldi;0;salad;fruit & vegetables
2;1;1;KIWI SUNGOLD ZESPRI 50;1;2,99;2,99;2021-11-23;Tuesday;18:41;evening;supermarket;Aldi;0;kiwis;fruit & vegetables
2;1;1;WITTE DRUIVEN 500G;1;2,35;2,35;2021-11-23;Tuesday;18:41;evening;supermarket;Aldi;0;grapes;fruit & vegetables
2;1;1;KOMKOMMER;1;1,19;1,19;2021-11-23;Tuesday;18:41;evening;supermarket;Aldi;0;cucumber;fruit & vegetables
2;1;1;BIO PUNTPAPRIKA 2ST;1;1,75;1,75;2021-11-23;Tuesday;18:41;evening;supermarket;Aldi;0;bell peppers;fruit & vegetables
2;1;1;MR PROPER ALLESREINIGER;1;2,25;2,25;2021-11-23;Tuesday;18:41;evening;supermarket;Aldi;0;all-purpose cleaner;household
2;1;1;MARTINO OF AMERICANO;1;1,39;1,39;2021-11-23;Tuesday;18:41;evening;supermarket;Aldi;0;meat spread;meat, fish & veggie
2;1;1;LASAGNE;2;1,15;2,30;2021-11-23;Tuesday;18:41;evening;supermarket;Aldi;0;lasagna;meat, fish & veggie
2;1;1;KIPFILET IN REEPJES;1;4,49;4,49;2021-11-23;Tuesday;18:41;evening;supermarket;Aldi;0;chicken;meat, fish & veggie
2;1;1;KALKOENMEDAILLONS;1;4,99;4,99;2021-11-23;Tuesday;18:41;evening;supermarket;Aldi;0;chicken;meat, fish & veggie
2;1;1;ITALIAANSE ANTIPASTI 1;1;3,99;3,99;2021-11-23;Tuesday;18:41;evening;supermarket;Aldi;0;charcuterie;meat, fish & veggie
2;1;1;RUNDHAMBURGERS;1;2,99;2,99;2021-11-23;Tuesday;18:41;evening;supermarket;Aldi;0;hamburgers;meat, fish & veggie
2;1;1;SPEKREEPJES 2X100G;1;1,45;1,45;2021-11-23;Tuesday;18:41;evening;supermarket;Aldi;0;bacon;meat, fish & veggie
2;1;1;SOEPPARELS 200G;1;1,29;1,29;2021-11-23;Tuesday;18:41;evening;supermarket;Aldi;0;soup pasta;pasta & rice
2;1;1;GEDROOGDE WORSTJES;2;1,79;3,58;2021-11-23;Tuesday;18:41;evening;supermarket;Aldi;0;sausage snacks;snacks
2;1;1;MILK JUMBO 7X21 4G;1;1,29;1,29;2021-11-23;Tuesday;18:41;evening;supermarket;Aldi;0;chocolate;snacks
2;1;1;KROEPOEK 100G;1;0,79;0,79;2021-11-23;Tuesday;18:41;evening;supermarket;Aldi;0;chips;snacks
2;1;1;CHIPEEZ 175G;1;0,99;0,99;2021-11-23;Tuesday;18:41;evening;supermarket;Aldi;0;chips;snacks
2;1;1;SNOEPZAKJES 3PACK;1;1,79;1,79;2021-11-23;Tuesday;18:41;evening;supermarket;Aldi;0;candy;snacks
2;1;1;PHANTASIA TROPIFRUTTI;1;1,49;1,49;2021-11-23;Tuesday;18:41;evening;supermarket;Aldi;0;candy;snacks
2;1;1;CHOCOBISCUITS 9X33G;1;2,29;2,29;2021-11-23;Tuesday;18:41;evening;supermarket;Aldi;0;biscuits;snacks
2;1;2;LIT BOX TC 30L;1;11,49;11,49;2021-11-26;Friday;14:54;afternoon;pet supplies;Tom&Co;0;litterbox;non-food
2;1;2;CATTOY SISAL MOUS;1;0,99;0,99;2021-11-26;Friday;14:54;afternoon;pet supplies;Tom&Co;0;cat toy;non-food
2;1;3;éclair chocolade pudding;3;1,60;4,80;2021-11-28;Sunday;11:46;morning;bakery;Wouters;0;pastry;bakery
2;1;3;koffiekoek ass.;4;1,00;4,00;2021-11-28;Sunday;11:46;morning;bakery;Wouters;0;danish;bakery
2;1;3;wit tijgerbrood;1;2,30;2,30;2021-11-28;Sunday;11:46;morning;bakery;Wouters;0;bread;bakery
2;2;4;BONI brood keizer 6x50g;2;0,74;1,48;2021-12-01;Wednesday;19:00;evening;supermarket;Colruyt;0;sandwiches;bakery
2;2;4;BONI ciabatta voorgebakken 300g;1;0,47;0,47;2021-12-01;Wednesday;19:00;evening;supermarket;Colruyt;0;sandwiches;bakery
2;2;4;EVERYDAY chocoladebroodjes 8st 360g;1;1,40;1,40;2021-12-01;Wednesday;19:00;evening;supermarket;Colruyt;0;danish;bakery
2;2;4;LIPTON Blue Fruits/Citrus 20st;1;2,59;2,59;2021-12-01;Wednesday;19:00;evening;supermarket;Colruyt;0;tea;beverages
2;2;4;ROYCO CRUNCHY soep asperge 3st;1;1,67;1,67;2021-12-01;Wednesday;19:00;evening;supermarket;Colruyt;0;soup;beverages
2;2;4;ROYCO CRUNCHY soep gevogelte 3st;1;1,69;1,69;2021-12-01;Wednesday;19:00;evening;supermarket;Colruyt;0;soup;beverages
2;2;4;LIPTON Ice Tea Original bruisend 1,5l;8;1,63;13,04;2021-12-01;Wednesday;19:00;evening;supermarket;Colruyt;0;ice tea;beverages
2;2;4;NALU energiedrank 25cl;12;0,95;11,38;2021-12-01;Wednesday;19:00;evening;supermarket;Colruyt;0;energy drink;beverages
2;2;4;JAQUES matinettes melk 128g;2;1,75;3,50;2021-12-01;Wednesday;19:00;evening;supermarket;Colruyt;0;breakfast chocolate;breakfast & spreads
2;2;4;BONI Belgische scharreleieren L 6st;1;1,79;1,79;2021-12-01;Wednesday;19:00;evening;supermarket;Colruyt;0;eggs;dairy & plant based
2;2;4;EVERYDAY verse kaas look &f. kruiden 150g;1;0,59;0,59;2021-12-01;Wednesday;19:00;evening;supermarket;Colruyt;0;cream cheese;dairy & plant based
2;2;4;CAPRICE DES DIEUX kaas zacht 300g;1;4,55;4,55;2021-12-01;Wednesday;19:00;evening;supermarket;Colruyt;0;cheese;dairy & plant based
2;2;4;BONI BIO erwten 600g;1;1,59;1,59;2021-12-01;Wednesday;19:00;evening;supermarket;Colruyt;0;peas;frozen foods
2;2;4;BONI pint roomijs cookie dough 500ml;1;3,59;3,59;2021-12-01;Wednesday;19:00;evening;supermarket;Colruyt;0;ice cream;frozen foods
2;2;4;BONI loempia kip 4 stuks 600g;1;3,54;3,54;2021-12-01;Wednesday;19:00;evening;supermarket;Colruyt;0;eggrolls;frozen foods
2;2;4;EVERYDAY champignons middelgroot 500g;1;1,49;1,49;2021-12-01;Wednesday;19:00;evening;supermarket;Colruyt;0;mushrooms;fruit & vegetables
2;2;4;BONI witte druiven pitloos 500g;1;1,68;1,68;2021-12-01;Wednesday;19:00;evening;supermarket;Colruyt;0;grapes;fruit & vegetables
2;2;4;wortelen los;1;0,19;0,19;2021-12-01;Wednesday;19:00;evening;supermarket;Colruyt;0;carrots;fruit & vegetables
2;2;4;BONI Royal Gala appelen 6st W;1;2,69;2,69;2021-12-01;Wednesday;19:00;evening;supermarket;Colruyt;0;apples;fruit & vegetables
2;2;4;EVERYDAY toiletpapier 4l 152v 6r;1;1,44;1,44;2021-12-01;Wednesday;19:00;evening;supermarket;Colruyt;0;toilet paper;household
2;2;4;chipolata varken;1;3,08;3,08;2021-12-01;Wednesday;19:00;evening;supermarket;Colruyt;0;pork;meat, fish & veggie
2;2;4;bereid gehakt varken+kalf;1;5,04;5,04;2021-12-01;Wednesday;19:00;evening;supermarket;Colruyt;0;minced meat;meat, fish & veggie
2;2;4;BONI Antipasto Italiano 150g;1;4,34;4,34;2021-12-01;Wednesday;19:00;evening;supermarket;Colruyt;0;charcuterie;meat, fish & veggie
2;2;4;BONI soepparels 200g;1;1,29;1,29;2021-12-01;Wednesday;19:00;evening;supermarket;Colruyt;0;soup pasta;pasta & rice
2;2;4;BONI rijst basmati 4x125g;1;0,89;0,89;2021-12-01;Wednesday;19:00;evening;supermarket;Colruyt;0;rice;pasta & rice
2;2;4;BONI farfaille 500g;2;0,79;1,58;2021-12-01;Wednesday;19:00;evening;supermarket;Colruyt;0;pasta;pasta & rice
2;2;4;BONI koeken Orangicake 300g;1;0,99;0,99;2021-12-01;Wednesday;19:00;evening;supermarket;Colruyt;0;cookies;snacks
2;2;4;NESTLE CRUNCH chocolade 100g;2;1,19;2,38;2021-12-01;Wednesday;19:00;evening;supermarket;Colruyt;0;chocolate;snacks
2;2;4;BONI Ribble Chips Salt&Pepper 200g;1;0,71;0,71;2021-12-01;Wednesday;19:00;evening;supermarket;Colruyt;0;chips;snacks
2;2;4;EVERYDAY chips zout 200g;1;0,55;0,55;2021-12-01;Wednesday;19:00;evening;supermarket;Colruyt;0;chips;snacks
2;2;4;NAPOLEON fruit mix 340g;1;1,89;1,89;2021-12-01;Wednesday;19:00;evening;supermarket;Colruyt;0;candy;snacks
2;2;5;MINI TIJGER;6;0,40;2,40;2021-12-05;Sunday;12:58;noon;bakery;Vanessa;0;sandwiches;bakery
2;2;5;CRÈME CHOCOLADE;1;1,10;1,10;2021-12-05;Sunday;12:58;noon;bakery;Vanessa;0;danish;bakery
2;2;5;LANG ROZIJN;1;1,10;1,10;2021-12-05;Sunday;12:58;noon;bakery;Vanessa;0;danish;bakery
2;3;6;Koffiekoeken;2;1,15;2,30;2021-12-07;Tuesday;12:06;noon;bakery;Tine;0;danish;bakery
2;3;6;Klein wit;1;1,70;1,70;2021-12-07;Tuesday;12:06;noon;bakery;Tine;0;bread;bakery
2;3;7;KEIZERBROODJES 4ST;1;0,69;0,69;2021-12-07;Tuesday;17:16;afternoon;supermarket;Aldi;0;sandwiches;bakery
2;3;7;WITTE BAGUETTEN/BROODJ;1;0,39;0,39;2021-12-07;Tuesday;17:16;afternoon;supermarket;Aldi;0;sandwiches;bakery
2;3;7;BAKKERSBROODJES 8X70G;1;1,19;1,19;2021-12-07;Tuesday;17:16;afternoon;supermarket;Aldi;0;sandwiches;bakery
2;3;7;BRESILIENNETAART 48E;1;6,99;6,99;2021-12-07;Tuesday;17:16;afternoon;supermarket;Aldi;1;pie;bakery
2;3;7;GARNIER UD SHAMPOO 400;1;3,99;3,99;2021-12-07;Tuesday;17:16;afternoon;supermarket;Aldi;0;shampoo;care & hygiene
2;3;7;PIZZA SPECIALE 2X330G;1;2,49;2,49;2021-12-07;Tuesday;17:16;afternoon;supermarket;Aldi;0;pizza;frozen foods
2;3;7;PIZZA MOZARELLA 2X335G;1;2,49;2,49;2021-12-07;Tuesday;17:16;afternoon;supermarket;Aldi;0;cheese;frozen foods
2;3;7;MINI ROMA TROSTOMATEN;1;2,69;2,69;2021-12-07;Tuesday;17:16;afternoon;supermarket;Aldi;0;tomatoes;fruit & vegetables
2;3;7;KIWI SUNGOLD ZESPRI 50;1;2,99;2,99;2021-12-07;Tuesday;17:16;afternoon;supermarket;Aldi;0;kiwis;fruit & vegetables
2;3;7;BASILICUM 18G 07340;1;0,69;0,69;2021-12-07;Tuesday;17:16;afternoon;supermarket;Aldi;0;basil;fruit & vegetables
2;3;7;JAZZ APPELEN PER KG;1;1,90;1,90;2021-12-07;Tuesday;17:16;afternoon;supermarket;Aldi;0;apples;fruit & vegetables
2;3;7;BRITA WATERFILTER 30C;1;10,00;10,00;2021-12-07;Tuesday;17:16;afternoon;supermarket;Aldi;0;water filters;household
2;3;7;GEDROOGDE WORSTJES 120;1;1,79;1,79;2021-12-07;Tuesday;17:16;afternoon;supermarket;Aldi;0;sausages;meat, fish & veggie
2;3;7;GEVULDE PASTA 250G;1;1,79;1,79;2021-12-07;Tuesday;17:16;afternoon;supermarket;Aldi;0;pasta;meat, fish & veggie
2;3;7;LASAGNE 400G;1;1,15;1,15;2021-12-07;Tuesday;17:16;afternoon;supermarket;Aldi;0;lasagna;meat, fish & veggie
2;3;7;KIPPENONDERBOUTEN;1;2,79;2,79;2021-12-07;Tuesday;17:16;afternoon;supermarket;Aldi;0;chicken;meat, fish & veggie
2;3;7;ITALIAANSE ANTIPASTI 1;1;3,99;3,99;2021-12-07;Tuesday;17:16;afternoon;supermarket;Aldi;0;charcuterie;meat, fish & veggie
2;3;7;SOEPPARELS 200G;1;1,29;1,29;2021-12-07;Tuesday;17:16;afternoon;supermarket;Aldi;0;soup pasta;pasta & rice
2;3;7;HAVERKOEKJES 300G;1;1,99;1,99;2021-12-07;Tuesday;17:16;afternoon;supermarket;Aldi;0;cookies;snacks
2;3;7;JAFFA CAKE 300G;1;0,99;0,99;2021-12-07;Tuesday;17:16;afternoon;supermarket;Aldi;0;cookies;snacks
2;3;7;MILK JUMBO 7X21,4G;1;1,29;1,29;2021-12-07;Tuesday;17:16;afternoon;supermarket;Aldi;0;chocolate;snacks
2;3;7;RIBBELCHIPS 250G;1;0,89;0,89;2021-12-07;Tuesday;17:16;afternoon;supermarket;Aldi;0;chips;snacks
2;3;7;HARIBO KERSEN OF PERZI;1;1,49;1,49;2021-12-07;Tuesday;17:16;afternoon;supermarket;Aldi;0;candy;snacks
2;3;7;HARIBO KERSEN OF PERZI;1;1,49;1,49;2021-12-07;Tuesday;17:16;afternoon;supermarket;Aldi;0;candy;snacks
2;4;8;WITTE BAGUETTEN/BROODJ;1;0,39;0,39;2021-12-13;Monday;17:01;afternoon;supermarket;Aldi;0;sandwiches;bakery
2;4;8;KEIZERBROODJES 4ST;1;0,69;0,69;2021-12-13;Monday;17:01;afternoon;supermarket;Aldi;0;sandwiches;bakery
2;4;8;ITALIAANSE ANTIPASTI 1;1;3,99;3,99;2021-12-13;Monday;17:01;afternoon;supermarket;Aldi;0;charcuterie;meat, fish & veggie
2;4;9;KANEELBRDJE;1;0,75;0,75;2021-12-17;Monday;15:06;afternoon;supermarket;Albert Heijn;0;danish;bakery
2;4;9;TIJGER HLF;1;1,19;1,19;2021-12-17;Monday;15:06;afternoon;supermarket;Albert Heijn;0;bread;bakery
2;4;9;SOEPGR BASIS;1;1,69;1,69;2021-12-17;Monday;15:06;afternoon;supermarket;Albert Heijn;0;vegetable mix;fruit & vegetables
2;4;9;KIWI SUNGOLD;1;5,49;5,49;2021-12-17;Monday;15:06;afternoon;supermarket;Albert Heijn;0;kiwis;fruit & vegetables
2;4;9;TOILETPAPIER;1;2,19;2,19;2021-12-17;Monday;15:06;afternoon;supermarket;Albert Heijn;0;toilet paper;household
2;5;10;BONI wraps 6st 370g;1;0,99;0,99;2022-01-10;Monday;18:45;evening;supermarket;Colruyt;0;wraps;bakery
2;5;10;BONI brood keizer 6x50g;3;0,68;2,04;2022-01-10;Monday;18:45;evening;supermarket;Colruyt;0;sandwiches;bakery
2;5;10;TROPICO exotique 33cl;6;0,75;4,50;2022-01-10;Monday;18:45;evening;supermarket;Colruyt;0;juice;beverages
2;5;10;SHARWOODS kormasaus 420g;1;4,75;4,75;2022-01-10;Monday;18:45;evening;supermarket;Colruyt;0;korma sauce;condiments
2;5;10;BONI guacamole mild 200g;1;2,91;2,91;2022-01-10;Monday;18:45;evening;supermarket;Colruyt;0;guacamole;condiments
2;5;10;BONI olie zonnebloem 1L;1;1,65;1,65;2022-01-10;Monday;18:45;evening;supermarket;Colruyt;0;sunflour oil;cooking aids
2;5;10;POCO LOCO mexican fajita mix 40g;1;1,39;1,39;2022-01-10;Monday;18:45;evening;supermarket;Colruyt;0;spice mix;cooking aids
2;5;10;POCO LOCO hot taco spice mix 40g;1;1,39;1,39;2022-01-10;Monday;18:45;evening;supermarket;Colruyt;0;spice mix;cooking aids
2;5;10;BONI om te smeren light vlootje 250g;1;0,49;0,49;2022-01-10;Monday;18:45;evening;supermarket;Colruyt;0;margarine;dairy & plant based
2;5;10;EVERYDAY emmental geraspt 500g;1;2,73;2,73;2022-01-10;Monday;18:45;evening;supermarket;Colruyt;0;cheese;dairy & plant based
2;5;10;CAPRICE DES DIEUX kaas zacht 300g;1;4,55;4,55;2022-01-10;Monday;18:45;evening;supermarket;Colruyt;0;cheese;dairy & plant based
2;5;10;DR. OETKER RISTORANTE pizza speciale 330g;1;1,89;1,89;2022-01-10;Monday;18:45;evening;supermarket;Colruyt;0;pizza;frozen foods
2;5;10;DR OETKER RISTORANTE mozarella 335g;1;1,89;1,89;2022-01-10;Monday;18:45;evening;supermarket;Colruyt;0;pizza;frozen foods
2;5;10;EVERYDAY mini vanille-ijsjes  12x50ml;1;1,89;1,89;2022-01-10;Monday;18:45;evening;supermarket;Colruyt;0;ice cream;frozen foods
2;5;10;tomaten extra los;1;0,63;0,63;2022-01-10;Monday;18:45;evening;supermarket;Colruyt;0;tomatoes;fruit & vegetables
2;5;10;uien los ;1;0,23;0,23;2022-01-10;Monday;18:45;evening;supermarket;Colruyt;0;onions;fruit & vegetables
2;5;10;EVERYDAY champignons fijn 250gt;1;0,85;0,85;2022-01-10;Monday;18:45;evening;supermarket;Colruyt;0;mushrooms;fruit & vegetables
2;5;10;BONI witte druiven pitloos 500g;1;1,74;1,74;2022-01-10;Monday;18:45;evening;supermarket;Colruyt;0;grapes;fruit & vegetables
2;5;10;EVERYDAY knoflook 250g;1;1,29;1,29;2022-01-10;Monday;18:45;evening;supermarket;Colruyt;0;garlic;fruit & vegetables
2;5;10;komkommer;1;0,75;0,75;2022-01-10;Monday;18:45;evening;supermarket;Colruyt;0;cucumber;fruit & vegetables
2;5;10;paprika punt zoet rood los;1;0,59;0,59;2022-01-10;Monday;18:45;evening;supermarket;Colruyt;0;bell peppers;fruit & vegetables
2;5;10;BONI bananen ca1,2kg;1;0,91;0,91;2022-01-10;Monday;18:45;evening;supermarket;Colruyt;0;bananas;fruit & vegetables
2;5;10;BONI quiche lorraine 300g;1;2,79;2,79;2022-01-10;Monday;18:45;evening;supermarket;Colruyt;0;quiche;meat, fish & veggie
2;5;10;kippenblokjes natuur 1 verp. Ca500g;1;3,24;3,24;2022-01-10;Monday;18:45;evening;supermarket;Colruyt;0;chicken;meat, fish & veggie
2;5;10;BONI antipasto italiano 150g;1;4,65;4,65;2022-01-10;Monday;18:45;evening;supermarket;Colruyt;0;charcuterie;meat, fish & veggie
2;5;10;hamburger rund-varken;1;2,17;2,17;2022-01-10;Monday;18:45;evening;supermarket;Colruyt;0;hamburgers;meat, fish & veggie
2;5;10;BONI rijst basmati 4x125g;2;0,89;1,78;2022-01-10;Monday;18:45;evening;supermarket;Colruyt;0;rice;pasta & rice
2;5;10;BONI noodles wok 300g;1;1,45;1,45;2022-01-10;Monday;18:45;evening;supermarket;Colruyt;0;noodles;pasta & rice
2;5;10;EVERYDAY chips zout 200g;1;0,55;0,55;2022-01-10;Monday;18:45;evening;supermarket;Colruyt;0;chips;snacks
2;5;10;BONI kroepoek 100g;1;0,79;0,79;2022-01-10;Monday;18:45;evening;supermarket;Colruyt;0;chips;snacks
2;5;10;DORITOS pure paprika 200g;1;1,61;1,61;2022-01-10;Monday;18:45;evening;supermarket;Colruyt;0;chips;snacks
2;6;11;BONI brood keizer 6x50g;1;0,75;0,75;2022-01-17;Monday;18:16;evening;supermarket;Colruyt;0;sandwiches;bakery
2;6;11;EVERYDAY stokbr wit voorgeb 6st 300g;2;0,35;0,70;2022-01-17;Monday;18:16;evening;supermarket;Colruyt;0;bread;bakery
2;6;11;BONI sinaasappelsap pulp 1L;2;2,39;4,78;2022-01-17;Monday;18:16;evening;supermarket;Colruyt;0;juice;beverages
2;6;11;TROPICO exotique 33cl;6;0,75;4,50;2022-01-17;Monday;18:16;evening;supermarket;Colruyt;0;juice;beverages
2;6;11;LIPTON ice tea original bruisend 1,5L;8;1,63;13,04;2022-01-17;Monday;18:16;evening;supermarket;Colruyt;0;ice tea;beverages
2;6;11;JACQUES matinettes melk 128g;1;1,37;1,37;2022-01-17;Monday;18:16;evening;supermarket;Colruyt;0;breakfast chocolate;breakfast & spreads
2;6;11;ROYCO CRUNCHY soep asperge 3st;1;1,89;1,89;2022-01-17;Monday;18:16;evening;supermarket;Colruyt;0;soup;canned foods
2;6;11;BONI appelmousseline bok 200g;1;0,65;0,65;2022-01-17;Monday;18:16;evening;supermarket;Colruyt;0;apple sauce;canned foods
2;6;11;BONI zure room 15% vet 20cl;1;0,99;0,99;2022-01-17;Monday;18:16;evening;supermarket;Colruyt;0;sour cream;dairy & plant based
2;6;11;BONI halfvolle melk PET 50cl;1;0,45;0,45;2022-01-17;Monday;18:16;evening;supermarket;Colruyt;0;milk;dairy & plant based
2;6;11;BONI belgische scharreleieren L 6st;1;1,99;1,99;2022-01-17;Monday;18:16;evening;supermarket;Colruyt;0;eggs;dairy & plant based
2;6;11;EVERYDAY kaas gouda jong blokjes 280g;1;2,89;2,89;2022-01-17;Monday;18:16;evening;supermarket;Colruyt;0;cheese;dairy & plant based
2;6;11;CAPRICE DES DIEUX kaas zacht 200g;1;2,39;2,39;2022-01-17;Monday;18:16;evening;supermarket;Colruyt;0;cheese;dairy & plant based
2;6;11;EVERYDAY champignons fijn 250g;1;0,85;0,85;2022-01-17;Monday;18:16;evening;supermarket;Colruyt;0;mushrooms;fruit & vegetables
2;6;11;BONI witte druiven pitloos 500g;1;1,78;1,78;2022-01-17;Monday;18:16;evening;supermarket;Colruyt;0;grapes;fruit & vegetables
2;6;11;komkommer;1;0,75;0,75;2022-01-17;Monday;18:16;evening;supermarket;Colruyt;0;cucumber;fruit & vegetables
2;6;11;BONI jonagored appelen 6st W;1;2,00;2,00;2022-01-17;Monday;18:16;evening;supermarket;Colruyt;0;apples;fruit & vegetables
2;6;11;BONI keukenrollen classic 3l 64V 6rol;1;2,80;2,80;2022-01-17;Monday;18:16;evening;supermarket;Colruyt;0;paper towels;household
2;6;11;varkensbrochette;1;4,89;4,89;2022-01-17;Monday;18:16;evening;supermarket;Colruyt;0;pork;meat, fish & veggie
2;6;11;BONI lasagne bolognese 1kg;1;3,99;3,99;2022-01-17;Monday;18:16;evening;supermarket;Colruyt;0;lasagna;meat, fish & veggie
2;6;11;kippenescalope ca400g;1;2,59;2,59;2022-01-17;Monday;18:16;evening;supermarket;Colruyt;0;chicken;meat, fish & veggie
2;6;11;BONI Antipasto Italiano 150g;1;4,65;4,65;2022-01-17;Monday;18:16;evening;supermarket;Colruyt;0;charcuterie;meat, fish & veggie
2;6;11;bereid gehakt rund+varken;1;5,69;5,69;2022-01-17;Monday;18:16;evening;supermarket;Colruyt;0;minced meat;meat, fish & veggie
2;6;11;EVERYDAY gerookte spekblokjes 250g;1;1,66;1,66;2022-01-17;Monday;18:16;evening;supermarket;Colruyt;0;bacon;meat, fish & veggie
2;6;11;CLP hangtas 1st;1;2,99;2,99;2022-01-17;Monday;18:16;evening;supermarket;Colruyt;1;bag;non-food
2;6;11;BONI crac&choc melkchocolade 10x33g;1;2,96;2,96;2022-01-17;Monday;18:16;evening;supermarket;Colruyt;0;chocolate;snacks
2;6;11;EVERYDAY chips zout 200g;1;0,55;0,55;2022-01-17;Monday;18:16;evening;supermarket;Colruyt;0;chips;snacks
2;6;11;BONI kroepoek 100g;1;0,79;0,79;2022-01-17;Monday;18:16;evening;supermarket;Colruyt;0;chips;snacks
2;6;11;LAY's MIX paprika 125g;1;1,39;1,39;2022-01-17;Monday;18:16;evening;supermarket;Colruyt;0;chips;snacks
2;6;11;DORITOS sweet chilli pepper 200g;1;1,61;1,61;2022-01-17;Monday;18:16;evening;supermarket;Colruyt;0;chips;snacks
2;6;11;HARIBO kikkers 500g;1;1,98;1,98;2022-01-17;Monday;18:16;evening;supermarket;Colruyt;0;candy;snacks
2;6;11;BONI snoep winegums 1kg;1;2,38;2,38;2022-01-17;Monday;18:16;evening;supermarket;Colruyt;0;candy;snacks
2;7;12;BONI brood keizer 6x50g;2;0,75;1,50;2022-01-26;Wednesday;16:58;afternoon;supermarket;Colruyt;0;sandwiches;bakery
2;7;12;BONI pitabroodjes voorgebakken 6st 480g;1;0,76;0,76;2022-01-26;Wednesday;16:58;afternoon;supermarket;Colruyt;0;pita bread;bakery
2;7;12;KELLOGG'S EXTRA crun.muesli choc. 500g;2;4,41;8,82;2022-01-26;Wednesday;16:58;afternoon;supermarket;Colruyt;0;muesli;breakfast & spreads
2;7;12;JACQUES matinettes melk 128g;2;1,75;3,50;2022-01-26;Wednesday;16:58;afternoon;supermarket;Colruyt;0;breakfast chocolate;breakfast & spreads
2;7;12;EVERYDAY tandenborstel medium 4st;1;0,35;0,35;2022-01-26;Wednesday;16:58;afternoon;supermarket;Colruyt;0;toothbrush;care & hygiene
2;7;12;BONI flosdraad munt fluor 50m;1;1,49;1,49;2022-01-26;Wednesday;16:58;afternoon;supermarket;Colruyt;0;floss;care & hygiene
2;7;12;BONI groene pesto 190g;1;0,99;0,99;2022-01-26;Wednesday;16:58;afternoon;supermarket;Colruyt;0;pesto;condiments
2;7;12;BONI halfvolle melk PET 50cl;1;0,45;0,45;2022-01-26;Wednesday;16:58;afternoon;supermarket;Colruyt;0;milk;dairy & plant based
2;7;12;CAPRICE DES DIEUX kaas zacht 200g;1;2,39;2,39;2022-01-26;Wednesday;16:58;afternoon;supermarket;Colruyt;0;cheese;dairy & plant based
2;7;12;EVERYDAY mozzarella 125g;1;0,45;0,45;2022-01-26;Wednesday;16:58;afternoon;supermarket;Colruyt;0;cheese;dairy & plant based
2;7;12;EVERYDAY cocktail tomaten 500g;1;1,98;1,98;2022-01-26;Wednesday;16:58;afternoon;supermarket;Colruyt;0;tomatoes;fruit & vegetables
2;7;12;Uien los;1;0,25;0,25;2022-01-26;Wednesday;16:58;afternoon;supermarket;Colruyt;0;onions;fruit & vegetables
2;7;12;EVERYDAY champignons middelgroot 500g;1;1,49;1,49;2022-01-26;Wednesday;16:58;afternoon;supermarket;Colruyt;0;mushrooms;fruit & vegetables
2;7;12;BONI witte druiven pitloos 500g;1;1,60;1,60;2022-01-26;Wednesday;16:58;afternoon;supermarket;Colruyt;0;grapes;fruit & vegetables
2;7;12;PAKSOI;1;1,39;1,39;2022-01-26;Wednesday;16:58;afternoon;supermarket;Colruyt;0;bok choy;fruit & vegetables
2;7;12;BONI Jonagored appelen 6st W;1;1,93;1,93;2022-01-26;Wednesday;16:58;afternoon;supermarket;Colruyt;0;apples;fruit & vegetables
2;7;12;borstfilet van eend;1;6,74;6,74;2022-01-26;Wednesday;16:58;afternoon;supermarket;Colruyt;0;duck;meat, fish & veggie
2;7;12;hele dij van braadkip;1;2,42;2,42;2022-01-26;Wednesday;16:58;afternoon;supermarket;Colruyt;0;chicken;meat, fish & veggie
2;7;12;BONI antipasto italiano 150g;1;4,65;4,65;2022-01-26;Wednesday;16:58;afternoon;supermarket;Colruyt;0;charcuterie;meat, fish & veggie
2;7;12;bereid gehakt rund+varken;1;4,81;4,81;2022-01-26;Wednesday;16:58;afternoon;supermarket;Colruyt;1;minced meat;meat, fish & veggie
2;7;12;BONI soepparels 200g;1;1,35;1,35;2022-01-26;Wednesday;16:58;afternoon;supermarket;Colruyt;0;soup pasta;pasta & rice
2;7;12;BONI farfalle 500g;1;0,74;0,74;2022-01-26;Wednesday;16:58;afternoon;supermarket;Colruyt;0;pasta;pasta & rice
2;7;12;BONI tagliatelle eieren 500g;1;1,39;1,39;2022-01-26;Wednesday;16:58;afternoon;supermarket;Colruyt;0;pasta;pasta & rice
2;7;12;BONI BIO parelcouscous 400g;1;2,69;2,69;2022-01-26;Wednesday;16:58;afternoon;supermarket;Colruyt;0;couscous;pasta & rice
2;7;12;BONI fizzy mix zuur 600g;1;2,99;2,99;2022-01-26;Wednesday;16:58;afternoon;supermarket;Colruyt;0;candy;snacks
2;7;13;WASABI PASTE JH FOODS 43GR;1;1,55;1,55;2022-01-27;Thursday;16:51;afternoon;supermarket;Food Factory;0;wasabi;condiments
2;7;13;KIKKOMAN TERIYAKI SAUCE 250ML;1;4,25;4,25;2022-01-27;Thursday;16:51;afternoon;supermarket;Food Factory;0;teriyaki sauce;condiments
2;7;13;KIKKOMAN SOY SAUCE 500ML-PET;1;5,75;5,75;2022-01-27;Thursday;16:51;afternoon;supermarket;Food Factory;0;soy sauce;condiments
2;7;13;HEALTHY BOY OYSTER SAUCE 700ML;1;2,85;2,85;2022-01-27;Thursday;16:51;afternoon;supermarket;Food Factory;0;oyster sauce;condiments
2;7;13;LKK SWEET HOISIN SAUS 567GR;1;3,20;3,20;2022-01-27;Thursday;16:51;afternoon;supermarket;Food Factory;0;hoisin sauce;condiments
2;7;13;BROODKRUIM PANKO OBENTO 200GR;1;1,95;1,95;2022-01-27;Thursday;16:51;afternoon;supermarket;Food Factory;0;breadcrumbs;cooking aids
2;7;13;MEE CHUN 5-SPICE POWDER 50GR;1;1,35;1,35;2022-01-27;Thursday;16:51;afternoon;supermarket;Food Factory;0;5-spice powder;cooking aids
2;7;13;MOCHI HIMALAYAN SALTED CARAMEL LITTLE MOONS 192GR;1;7,75;7,75;2022-01-27;Thursday;16:51;afternoon;supermarket;Food Factory;0;mochi;frozen foods
2;7;13;KR BIBIGO BEEF BULGOGI GYOZA 600GR;1;8,10;8,10;2022-01-27;Thursday;16:51;afternoon;supermarket;Food Factory;0;gyoza;frozen foods
2;7;13;DIMSUM SIU MAI VARKEN 40ST;1;8,30;8,30;2022-01-27;Thursday;16:51;afternoon;supermarket;Food Factory;0;dimsum;frozen foods
2;7;13;DUMSUM SHUI KOUW 40ST;1;13,40;13,40;2022-01-27;Thursday;16:51;afternoon;supermarket;Food Factory;0;dimsum;frozen foods
2;7;13;BAMI QUICK COOKING NOODLES WITH EGG LONG LIFE 500GR;1;2,40;2,40;2022-01-27;Thursday;16:51;afternoon;supermarket;Food Factory;0;noodles;pasta & rice
2;7;13;YUM YUM DUCK NOODLE 60GR;2;1,00;1,00;2022-01-27;Thursday;16:51;afternoon;supermarket;Food Factory;0;noodles;pasta & rice
2;7;14;MUIS 5cm;1;0,99;0,99;2022-01-27;Thursday;17:10;afternoon;pet supplies;Maxi Zoo;0;pet toy;non-food
2;7;14;AN10 harnas 28-40;1;16,99;16,99;2022-01-27;Thursday;17:10;afternoon;pet supplies;Maxi Zoo;0;pet harness;non-food
2;7;14;MF HOUTKORRELS 20L;1;8,99;8,99;2022-01-27;Thursday;17:10;afternoon;pet supplies;Maxi Zoo;0;litterbox filling;non-food
2;7;15;MINI TIJGER;4;0,40;1,60;2022-01-30;Sunday;12:43;noon;bakery;Vanessa;0;sandwiches;bakery
2;7;15;ABRIKOOS VIERKANT;1;1,10;1,10;2022-01-30;Sunday;12:43;noon;bakery;Vanessa;0;danish;bakery
2;7;15;CHOCOLADE BROODJE;1;1,10;1,10;2022-01-30;Sunday;12:43;noon;bakery;Vanessa;0;danish;bakery
2;7;15;GR LANG WIT;1;2,40;2,40;2022-01-30;Sunday;12:43;noon;bakery;Vanessa;0;bread;bakery
2;8;16;BONI brood keizer 6x50g;3;0,68;2,04;2022-02-02;Wednesday;18:04;evening;supermarket;Colruyt;0;sandwiches;bakery
2;8;16;EVERYDAY bloem tarwe 1kg;1;0,39;0,39;2022-02-02;Wednesday;18:04;evening;supermarket;Colruyt;0;flour;bakery
2;8;16;GINI 33cl;6;0,65;3,89;2022-02-02;Wednesday;18:04;evening;supermarket;Colruyt;0;soft drink;beverages
2;8;16;EVERYDAY sinaasappelsap brik 10x20cl;1;1,70;1,70;2022-02-02;Wednesday;18:04;evening;supermarket;Colruyt;0;juice;beverages
2;8;16;BONI sinaas pulp 100% puur sap brik 1L;2;1,74;3,48;2022-02-02;Wednesday;18:04;evening;supermarket;Colruyt;0;juice;beverages
2;8;16;LIPTON ICE TEA ZERO bruisend 1,5L;6;1,83;10,98;2022-02-02;Wednesday;18:04;evening;supermarket;Colruyt;0;ice tea;beverages
2;8;16;EVERYDAY tomatenstukjes 400g;6;0,35;2,10;2022-02-02;Wednesday;18:04;evening;supermarket;Colruyt;0;diced tomatoes;canned foods
2;8;16;BONI sesamolie 25cl;1;2,49;2,49;2022-02-02;Wednesday;18:04;evening;supermarket;Colruyt;1;seseame oil;cooking aids
2;8;16;BONI halfvolle melk PET 50cl;1;0,45;0,45;2022-02-02;Wednesday;18:04;evening;supermarket;Colruyt;0;milk;dairy & plant based
2;8;16;BONI om te smeren light vlootje 250g;1;0,55;0,55;2022-02-02;Wednesday;18:04;evening;supermarket;Colruyt;0;margarine;dairy & plant based
2;8;16;BONI Belgische scharreleieren L 6st;1;1,99;1,99;2022-02-02;Wednesday;18:04;evening;supermarket;Colruyt;0;eggs;dairy & plant based
2;8;16;CAPRICE DES DIEUX kaas zacht 200g;1;2,39;2,39;2022-02-02;Wednesday;18:04;evening;supermarket;Colruyt;0;cheese;dairy & plant based
2;8;16;BONI gouda belegen bl.weide ca.1kg;1;7,49;7,49;2022-02-02;Wednesday;18:04;evening;supermarket;Colruyt;0;cheese;dairy & plant based
2;8;16;DR. OETKER RISTORANTE pizza speciale 330g;1;1,89;1,89;2022-02-02;Wednesday;18:04;evening;supermarket;Colruyt;0;pizza;frozen foods
2;8;16;DR. OETKER RISTORANTE mozzarella 335g;1;1,89;1,89;2022-02-02;Wednesday;18:04;evening;supermarket;Colruyt;0;pizza;frozen foods
2;8;16;EVERYDAY mini vanille-ijsjes 12x50ml;1;1,89;1,89;2022-02-02;Wednesday;18:04;evening;supermarket;Colruyt;0;ice cream;frozen foods
2;8;16;EVERYDAY wokmixgroenten 400g;1;1,39;1,39;2022-02-02;Wednesday;18:04;evening;supermarket;Colruyt;0;vegetable mix;fruit & vegetables
2;8;16;ijsbergsla 1stuk;1;0,89;0,89;2022-02-02;Wednesday;18:04;evening;supermarket;Colruyt;0;salad;fruit & vegetables
2;8;16;BONI AARDAPPELPARTIJ+SCHIL TIJ.ROZ 425g;1;1,19;1,19;2022-02-02;Wednesday;18:04;evening;supermarket;Colruyt;0;potatoes;fruit & vegetables
2;8;16;BONI Jonagored appelen 6st W;1;1,99;1,99;2022-02-02;Wednesday;18:04;evening;supermarket;Colruyt;0;apples;fruit & vegetables
2;8;16;BRITA Maxtra+ 4pack patronen;1;29,95;29,95;2022-02-02;Wednesday;18:04;evening;supermarket;Colruyt;0;water filters;household
2;8;16;EVERYDAY toiletpapier sterk 3l 180v 12r;1;2,36;2,36;2022-02-02;Wednesday;18:04;evening;supermarket;Colruyt;0;toilet paper;household
2;8;16;PMD-ZAKKEN IGEAN 20 stuks;1;2,50;2,50;2022-02-02;Wednesday;18:04;evening;supermarket;Colruyt;0;garbage bags;household
2;8;16;BONI quiche lorraine 300g;1;2,79;2,79;2022-02-02;Wednesday;18:04;evening;supermarket;Colruyt;0;quiche;meat, fish & veggie
2;8;16;kippenbovenbout ca.1kg;1;4,77;4,77;2022-02-02;Wednesday;18:04;evening;supermarket;Colruyt;0;chicken;meat, fish & veggie
2;8;16;gevogeltepita ca.400g;1;4,23;4,23;2022-02-02;Wednesday;18:04;evening;supermarket;Colruyt;0;chicken;meat, fish & veggie
2;8;16;BONI Antipasto Italiano 150g;1;4,65;4,65;2022-02-02;Wednesday;18:04;evening;supermarket;Colruyt;0;charcuterie;meat, fish & veggie
2;8;16;biefsteak chateaubriand;1;4,47;4,47;2022-02-02;Wednesday;18:04;evening;supermarket;Colruyt;0;beef;meat, fish & veggie
2;8;16;EVERYDAY gerookte spekblokjes 250g;1;1,66;1,66;2022-02-02;Wednesday;18:04;evening;supermarket;Colruyt;0;bacon;meat, fish & veggie
2;8;16;BAHLSEN PICK UP! Chocolade koek 10x28g;1;3,50;3,50;2022-02-02;Wednesday;18:04;evening;supermarket;Colruyt;0;cookies;snacks
2;8;16;BONI koeken Orangicake 300g;1;0,99;0,99;2022-02-02;Wednesday;18:04;evening;supermarket;Colruyt;0;cookies;snacks
2;8;16;BONI cassave chips 60g;2;0,95;1,90;2022-02-02;Wednesday;18:04;evening;supermarket;Colruyt;1;chips;snacks
2;8;16;EVERYDAY chips zout 200g;1;0,55;0,55;2022-02-02;Wednesday;18:04;evening;supermarket;Colruyt;0;chips;snacks
2;8;16;LAY'S SUPERCHIPS Salt 'n Pepper XL 250g;1;1,29;1,29;2022-02-02;Wednesday;18:04;evening;supermarket;Colruyt;0;chips;snacks
2;8;16;HARIBO kikkers 500g;1;1,98;1,98;2022-02-02;Wednesday;18:04;evening;supermarket;Colruyt;0;candy;snacks
2;8;17;49G DOONY'S SUIKERDONUTS;2;0,99;1,98;2022-02-03;Thursday;15:12;afternoon;supermarket;Delhaize;0;donuts;bakery
2;8;17;GI WIT STOKBROOD;1;0,89;0,89;2022-02-03;Thursday;15:12;afternoon;supermarket;Delhaize;0;bread;bakery
2;8;17;MI GUACAMOLE 200GR;1;3,00;3,00;2022-02-03;Thursday;15:12;afternoon;supermarket;Delhaize;0;guacamole;condiments
2;8;17;144G DDL IJSPRALINES 12S;1;3,99;3,99;2022-02-03;Thursday;15:12;afternoon;supermarket;Delhaize;0;ice cream;frozen foods
2;8;17;ITALIAANSE CHIPOLATA;1;3,31;3,31;2022-02-03;Thursday;15:12;afternoon;supermarket;Delhaize;0;sausages;meat, fish & veggie
2;8;17;KOETJESREEP CHOCOLADE;1;1,46;1,46;2022-02-03;Thursday;15:12;afternoon;supermarket;Delhaize;0;chocolate;snacks
2;8;17;185G DORITOS SWEET;1;1,85;1,85;2022-02-03;Thursday;15:12;afternoon;supermarket;Delhaize;0;chips;snacks
2;8;18;PISTOLETS MIX;2;0,60;1,20;2022-02-06;Sunday;12:31;noon;bakery;Vanessa;0;sandwiches;bakery
2;8;18;CROISSANT;2;1,15;2,30;2022-02-06;Sunday;12:31;noon;bakery;Vanessa;0;danish;bakery
2;8;18;KOEKEN MIX;2;1,10;2,20;2022-02-06;Sunday;12:31;noon;bakery;Vanessa;0;danish;bakery
2;8;18;KL LANG GROF MZ;1;1,85;1,85;2022-02-06;Sunday;12:31;noon;bakery;Vanessa;0;bread;bakery
3;1;1;S.PELLEGRINO MIN WATER;1;1,10;1,10;2021-11-22;Monday;17:30;afternoon;supermarket;MCD;0;water;snacks
3;1;1;veg. slager kipstuckjes;1;3,79;3,79;2021-11-22;Monday;17:30;afternoon;supermarket;MCD;0;veggie meat;meat, fish & veggie
3;1;1;jumborol toiletpapier;1;2,95;2,95;2021-11-22;Monday;17:30;afternoon;supermarket;MCD;0;toilet paper;household
3;1;1;rijstwafels cheese;1;1,91;1,91;2021-11-22;Monday;17:30;afternoon;supermarket;MCD;0;rice cakes;snacks
3;1;1;PENCEE'S;1;2,99;2,99;2021-11-22;Monday;17:30;afternoon;supermarket;MCD;0;pastry;bakery
3;1;1;oesterzwam 150gr;1;1,79;1,79;2021-11-22;Monday;17:30;afternoon;supermarket;MCD;0;mushrooms;fruit & vegetables
3;1;1;halfvolle melk;2;1,21;2,42;2021-11-22;Monday;17:30;afternoon;supermarket;MCD;0;milk;dairy & plant based
3;1;1;KORIANDER;1;1,49;1,49;2021-11-22;Monday;17:30;afternoon;supermarket;MCD;0;coriander;fruit & vegetables
3;1;1;KOKOSMELK;1;2,47;2,47;2021-11-22;Monday;17:30;afternoon;supermarket;MCD;0;coconut milk;cooking aids
3;1;1;CHIPS CHEESE ONION;1;1,57;1,57;2021-11-22;Monday;17:30;afternoon;supermarket;MCD;0;chips;snacks
3;1;1;TIJGERTARWE HALF BROOD;1;1,07;1,07;2021-11-22;Monday;17:30;afternoon;supermarket;MCD;0;bread;bakery
3;1;1;RODE PAPRIKA;1;1,59;1,59;2021-11-22;Monday;17:30;afternoon;supermarket;MCD;0;bell peppers;fruit & vegetables
3;1;1;SPERZIEBONEN;1;0,87;0,87;2021-11-22;Monday;17:30;afternoon;supermarket;MCD;0;beans;fruit & vegetables
3;1;1;TAUGE 125GRAM;1;1,09;1,09;2021-11-22;Monday;17:30;afternoon;supermarket;MCD;0;bean sprouts;fruit & vegetables
3;1;2;DRY-ROASTED CASHEWS;1;2,34;2,34;2021-11-22;Monday;17:33;afternoon;supermarket;MCD;0;cashews;nuts, seeds & dried fruit
3;1;3;ROZIJNEN YOGHURT;1;2,59;2,59;2021-11-22;Monday;17:58;afternoon;minimarket;De Pers;0;yoghurt;dairy & plant based
3;1;3;PISTACHENOTEN;1;4,70;4,70;2021-11-22;Monday;17:58;afternoon;minimarket;De Pers;0;pistachios;nuts, seeds & dried fruit
3;1;3;GEDROOGDE MANGO ONGEZOET;2;3,95;7,90;2021-11-22;Monday;17:58;afternoon;minimarket;De Pers;0;dried mango;nuts, seeds & dried fruit
3;1;3;GEDROOGDE VIJGEN;1;2,31;2,31;2021-11-22;Monday;17:58;afternoon;minimarket;De Pers;0;dried figs;nuts, seeds & dried fruit
3;1;4;O&L Tartare saus;1;2,14;2,14;2021-11-23;Tuesday;17:26;afternoon;supermarket;MCD;0;tartare sauce;condiments
3;1;4;IJSBERG SLA MELANGE;1;0,99;0,99;2021-11-23;Tuesday;17:26;afternoon;supermarket;MCD;0;salad;fruit & vegetables
3;1;4;aardappelschijfjes;1;0,79;0,79;2021-11-23;Tuesday;17:26;afternoon;supermarket;MCD;0;potatoes;fruit & vegetables
3;1;4;aardappelschijfjes;1;0,99;0,99;2021-11-23;Tuesday;17:26;afternoon;supermarket;MCD;0;potatoes;fruit & vegetables
3;1;4;halfvolle melk;2;1,21;2,42;2021-11-23;Tuesday;17:26;afternoon;supermarket;MCD;0;milk;dairy & plant based
3;1;4;renia mayonnaise 81 truf;1;1,85;1,85;2021-11-23;Tuesday;17:26;afternoon;supermarket;MCD;0;mayonnaise;condiments
3;1;4;smeren zonder palmolie;1;2,62;2,62;2021-11-23;Tuesday;17:26;afternoon;supermarket;MCD;0;margarine;dairy & plant based
3;1;4;ice macchiato;1;1,21;1,21;2021-11-23;Tuesday;17:26;afternoon;supermarket;MCD;0;iced coffee;beverages
3;1;4;antigeen test covid;2;3,49;6,98;2021-11-23;Tuesday;17:26;afternoon;supermarket;MCD;0;covid test;care & hygiene
3;1;4;PAPRIKA GROEN FLOWP.;1;0,99;0,99;2021-11-23;Tuesday;17:26;afternoon;supermarket;MCD;0;bell peppers;fruit & vegetables
3;1;4;bio tartaartje;1;3,79;3,79;2021-11-23;Tuesday;17:26;afternoon;supermarket;MCD;0;beef;meat, fish & veggie
3;1;4;SNIJBONEN VDV;1;2,19;2,19;2021-11-23;Tuesday;17:26;afternoon;supermarket;MCD;1;beans;fruit & vegetables
3;1;5;100% Rooybos thee;1;2,07;2,07;2021-11-24;Wednesday;17:55;afternoon;supermarket;MCD;0;tea;beverages
3;1;5;BIO+ POMPOEN;1;2,99;2,99;2021-11-24;Wednesday;17:55;afternoon;supermarket;MCD;0;pumpkin;fruit & vegetables
3;1;5;AARDAPPEL VASTKOKEND BIO;1;1,99;1,99;2021-11-24;Wednesday;17:55;afternoon;supermarket;MCD;0;potatoes;fruit & vegetables
3;1;5;Arla bio halfvolle melk;1;1,51;1,51;2021-11-24;Wednesday;17:55;afternoon;supermarket;MCD;1;milk;dairy & plant based
3;1;5;Falafal;1;2,46;2,46;2021-11-24;Wednesday;17:55;afternoon;supermarket;MCD;0;falafel;meat, fish & veggie
3;1;5;KOMKOMMER;1;0,99;0,99;2021-11-24;Wednesday;17:55;afternoon;supermarket;MCD;0;cucumber;fruit & vegetables
3;1;5;Crème fraiche;1;1,45;1,45;2021-11-24;Wednesday;17:55;afternoon;supermarket;MCD;0;cream;dairy & plant based
3;1;5;Bonduelle Kikkererwten b;1;2,24;2,24;2021-11-24;Wednesday;17:55;afternoon;supermarket;MCD;0;chickpeas;canned foods
3;1;6;GEDROOGDE MANGO ONGEZOE;1;3,95;3,95;2021-11-25;Thursday;08:10;morning;minimarket;De Pers;0;dried mango;nuts, seeds & dried fruit
3;1;6;CHEESE CRISPIES ROKA;1;1,99;1,99;2021-11-25;Friday;08:10;morning;minimarket;De Pers;0;cheese;dairy & plant based
3;1;6;BANANEN;1;0,23;0,23;2021-11-25;Saturday;08:10;morning;minimarket;De Pers;0;bananas;fruit & vegetables
3;1;7;ROOMB. AMANDEL GEV. KOEK;2;0,79;1,58;2021-11-25;Thursday;12:26;noon;supermarket;MCD;0;pastry;bakery
3;1;7;Halfvolle melk;1;1,11;1,11;2021-11-25;Thursday;12:26;noon;supermarket;MCD;1;milk;dairy & plant based
3;1;7;Henri Pasta Salmone;1;5,49;5,49;2021-11-25;Thursday;12:26;noon;supermarket;MCD;0;fish spread;meat, fish & veggie
3;1;7;Mondkapjes 50 stuks;1;3,99;3,99;2021-11-25;Thursday;12:26;noon;supermarket;MCD;0;face masks;non-food
3;1;7;HAM/KAAS CROISSANT;1;0,89;0,89;2021-11-25;Thursday;12:26;noon;supermarket;MCD;0;danish;bakery
3;1;7;Knip tarwe half;1;0,90;0,90;2021-11-25;Thursday;12:26;noon;supermarket;MCD;0;bread;bakery
3;1;8;Halfvolle melk;1;1,11;1,11;2021-11-25;Thursday;17:50;afternoon;supermarket;MCD;1;milk;dairy & plant based
3;1;8;Mayonaise volvet;1;2,01;2,01;2021-11-25;Thursday;17:50;afternoon;supermarket;MCD;0;mayonnaise;condiments
3;1;8;Coolbest Mango Drean 70/;1;1,76;1,76;2021-11-25;Thursday;17:50;afternoon;supermarket;MCD;0;lemonade;beverages
3;1;8;KOMKOMMER;1;0,99;0,99;2021-11-25;Thursday;17:50;afternoon;supermarket;MCD;0;cucumber;fruit & vegetables
3;1;8;FAIR TRADE BANANEN;1;1,73;1,73;2021-11-25;Thursday;17:50;afternoon;supermarket;MCD;0;bananas;fruit & vegetables
3;1;9;Biologische tofu;1;2,73;2,73;2021-11-26;Friday;17:38;afternoon;supermarket;MCD;0;tofu;meat, fish & veggie
3;1;9;Clipper Earl Grey;1;1,99;1,99;2021-11-26;Friday;17:38;afternoon;supermarket;MCD;0;tea;beverages
3;1;9;RADIJS FLOWPACK;1;0,79;0,79;2021-11-26;Friday;17:38;afternoon;supermarket;MCD;0;radish;fruit & vegetables
3;1;9;Bio melk Halfvol UHT;1;1,12;1,12;2021-11-26;Friday;17:38;afternoon;supermarket;MCD;0;milk;dairy & plant based
3;1;9;Halfvolle melk;1;1,11;1,11;2021-11-26;Friday;17:38;afternoon;supermarket;MCD;1;milk;dairy & plant based
3;1;9;Halfvolle melk;1;1,65;1,65;2021-11-26;Friday;17:38;afternoon;supermarket;MCD;0;milk;dairy & plant based
3;1;9;GYOZA;1;4,99;4,99;2021-11-26;Friday;17:38;afternoon;supermarket;MCD;0;gyoza;frozen foods
3;1;9;Iglo Vissticks 10st;1;3,16;3,16;2021-11-26;Friday;17:38;afternoon;supermarket;MCD;0;fish sticks;meat, fish & veggie
3;1;9;ASC Garnalen cocktail;1;2,29;2,29;2021-11-26;Friday;17:38;afternoon;supermarket;MCD;1;fish spread;meat, fish & veggie
3;1;9;AUBERGINE;1;0,89;0,89;2021-11-26;Friday;17:38;afternoon;supermarket;MCD;0;eggplant;fruit & vegetables
3;1;9;Ontbijtkoek gesn volk;1;1,95;1,95;2021-11-26;Friday;17:38;afternoon;supermarket;MCD;0;danish;beverages
3;1;9;KOKOSBROOD;1;1,41;1,41;2021-11-26;Friday;17:38;afternoon;supermarket;MCD;0;coco topping;breakfast & spreads
3;1;9;CHIPS CHEESE ONION;1;1,57;1,57;2021-11-26;Friday;17:38;afternoon;supermarket;MCD;0;chips;snacks
3;1;9;EETRIJPE AVOCADO;1;1,29;1,29;2021-11-26;Friday;17:38;afternoon;supermarket;MCD;0;avocado;fruit & vegetables
3;1;10;HALFVOLLE BOERENYOGHURT;1;1,47;1,47;2021-11-27;Saturday;08:50;morning;supermarket;MCD;0;yoghurt;dairy & plant based
3;1;10;SLAGROOMVLA VANILLE;1;1,01;1,01;2021-11-27;Saturday;08:50;morning;supermarket;MCD;0;pudding;dairy & plant based
3;1;10;VERSGEPERST SINASSAP;1;1,99;1,99;2021-11-27;Saturday;08:50;morning;supermarket;MCD;0;orange juice;beverages
3;1;10;DE VOLKSKRANT;1;4,49;4,49;2021-11-27;Saturday;08:50;morning;supermarket;MCD;0;newspaper;non-food
3;1;10;Halfvolle melk;2;1,11;2,22;2021-11-27;Saturday;08:50;morning;supermarket;MCD;1;milk;dairy & plant based
3;1;10;Kaascroissant;1;0,89;0,89;2021-11-27;Saturday;08:50;morning;supermarket;MCD;0;danish;bakery
3;1;10;CHOCOLADEBROODJE;1;0,59;0,59;2021-11-27;Saturday;08:50;morning;supermarket;MCD;0;danish;bakery
3;1;10;VVP-Bleu d Auvergne;1;1,00;1,00;2021-11-27;Saturday;08:50;morning;supermarket;MCD;0;cheese;dairy & plant based
3;1;10;BROOD GRANEN HALF;1;1,18;1,18;2021-11-27;Saturday;08:50;morning;supermarket;MCD;0;bread;bakery
3;1;10;Witte bonen tomsaus;1;0,93;0,93;2021-11-27;Saturday;08:50;morning;supermarket;MCD;0;beans;canned foods
3;1;10;Bio katanspek;1;2,28;2,28;2021-11-27;Saturday;08:50;morning;supermarket;MCD;0;bacon;meat, fish & veggie
3;1;11;Choc hagel melk;1;2,85;2,85;2021-11-28;Sunday;17:55;afternoon;supermarket;MCD;0;sprinkles;breakfast & spreads
3;1;11;SPINAZIE CRÈME 750GR;1;1,51;1,51;2021-11-28;Sunday;17:55;afternoon;supermarket;MCD;0;spinach;fruit & vegetables
3;1;11;SIZ tomaat crème masc;1;2,67;2,67;2021-11-28;Sunday;17:55;afternoon;supermarket;MCD;0;soup;canned foods
3;1;11;SIW linzen groentesoep;1;1,89;1,89;2021-11-28;Sunday;17:55;afternoon;supermarket;MCD;0;soup;canned foods
3;1;11;Pannenkoeken natural;1;2,15;2,15;2021-11-28;Sunday;17:55;afternoon;supermarket;MCD;0;pancakes;bakery
3;1;11;Arla bio halfvolle melk;2;1,51;3,02;2021-11-28;Sunday;17:55;afternoon;supermarket;MCD;0;milk;dairy & plant based
3;1;11;1/4 CRISPY MAIS BIO;1;1,50;1,50;2021-11-28;Sunday;17:55;afternoon;supermarket;MCD;0;mais;fruit & vegetables
3;1;11;GEMBER;1;0,89;0,89;2021-11-28;Sunday;17:55;afternoon;supermarket;MCD;0;ginger;fruit & vegetables
3;1;11;Masala spinazie paneer;1;6,99;6,99;2021-11-28;Sunday;17:55;afternoon;supermarket;MCD;0;curry;meat, fish & veggie
3;1;11;KOMKOMMER;1;0,99;0,99;2021-11-28;Sunday;17:55;afternoon;supermarket;MCD;0;cucumber;fruit & vegetables
3;1;11;Groente Taijine couscous;1;6,99;6,99;2021-11-28;Sunday;17:55;afternoon;supermarket;MCD;0;couscous;pasta & rice
3;1;11;BROCCOLI;1;1,19;1,19;2021-11-28;Sunday;17:55;afternoon;supermarket;MCD;0;broccoli;fruit & vegetables
3;1;11;BIO FAIRTRADE BANANEN;1;1,99;1,99;2021-11-28;Sunday;17:55;afternoon;supermarket;MCD;0;bananas;fruit & vegetables
3;1;11;Spekreepjes gerookt;1;3,59;3,59;2021-11-28;Sunday;17:55;afternoon;supermarket;MCD;0;bacon;meat, fish & veggie
3;2;12;TB complete 5way medium;1;3,11;3,11;2021-11-29;Monday;19:35;evening;supermarket;MCD;0;toothbrush;care & hygiene
3;2;12;MANDARIJN los;3;0,49;1,47;2021-11-29;Monday;19:35;evening;supermarket;MCD;0;tangerines;fruit & vegetables
3;2;12;Calve pindakaas met noot;1;3,05;3,05;2021-11-29;Monday;19:35;evening;supermarket;MCD;0;peanut butter;breakfast & spreads
3;2;12;Zuivelspread naturel;1;0,69;0,69;2021-11-29;Monday;19:35;evening;supermarket;MCD;0;margarine;dairy & plant based
3;2;12;Fruitspread aardbei;1;2,49;2,49;2021-11-29;Monday;19:35;evening;supermarket;MCD;0;fruit spread;breakfast & spreads
3;2;12;Vaatwastabletten eco;1;3,43;3,43;2021-11-29;Monday;19:35;evening;supermarket;MCD;0;dishwasher tablets;household
3;2;12;Bio+ beschuit volkoren;1;0,82;0,82;2021-11-29;Monday;19:35;evening;supermarket;MCD;0;biscuits;bakery
3;2;13;Reepjes zalm in saus;1;0,51;0,51;2021-12-01;Wednesday;09:11;morning;supermarket;MCD;0;salmon;meat, fish & veggie
3;2;13;CONFERENCE;1;1,99;1,99;2021-12-01;Wednesday;09:11;morning;supermarket;MCD;0;pears;fruit & vegetables
3;2;13;NRC NEXT MA-DI-WO;1;3,45;3,45;2021-12-01;Wednesday;09:11;morning;supermarket;MCD;0;newspaper;non-food
3;2;13;Bio melk Halfvol UHT;1;1,12;1,12;2021-12-01;Wednesday;09:11;morning;supermarket;MCD;0;milk;dairy & plant based
3;2;13;Bio halfvolle melk;2;1,50;3,00;2021-12-01;Wednesday;09:11;morning;supermarket;MCD;0;milk;dairy & plant based
3;2;13;Volle melk;1;1,21;1,21;2021-12-01;Wednesday;09:11;morning;supermarket;MCD;0;milk;dairy & plant based
3;2;13;Sticks kip 3x6gr;1;0,90;0,90;2021-12-01;Wednesday;09:11;morning;supermarket;MCD;0;chicken snacks;snacks
3;2;13;Gouda jong 48+;1;5,75;5,75;2021-12-01;Wednesday;09:11;morning;supermarket;MCD;0;cheese;dairy & plant based
3;2;13;Kattensnoepjes anti-haar;1;0,91;0,91;2021-12-01;Wednesday;09:11;morning;supermarket;MCD;0;cat treats;non-food
3;2;14;Glas & meer;1;2,84;2,84;2021-12-01;Wednesday;17:51;afternoon;supermarket;MCD;0;window cleaner;household
3;2;14;Tomatenblokjes;1;1,25;1,25;2021-12-01;Wednesday;17:51;afternoon;supermarket;MCD;0;tomato cubes;canned foods
3;2;14;Damhert WC reiniger;1;4,19;4,19;2021-12-01;Wednesday;17:51;afternoon;supermarket;MCD;0;toilet cleaner;household
3;2;14;SM Taco Seasoning Mix;1;0,86;0,86;2021-12-01;Wednesday;17:51;afternoon;supermarket;MCD;0;seasoning mix;cooking aids
3;2;14;Bonduelle BIO rode kidne;1;1,51;1,51;2021-12-01;Wednesday;17:51;afternoon;supermarket;MCD;0;kidney beans;canned foods
3;2;14;SHARON - KAKIFRUIT;1;2,99;2,99;2021-12-01;Wednesday;17:51;afternoon;supermarket;MCD;0;kaki fruit;fruit & vegetables
3;2;14;NACHO CHEESE;1;1,41;1,41;2021-12-01;Wednesday;17:51;afternoon;supermarket;MCD;0;cheese;dairy & plant based
3;2;14;G'woon 1/3 Bruine bonen;1;0,72;0,72;2021-12-01;Wednesday;17:51;afternoon;supermarket;MCD;0;beans;canned foods
3;2;14;FAIR TRADE BANANEN;1;1,20;1,20;2021-12-01;Wednesday;17:51;afternoon;supermarket;MCD;0;bananas;fruit & vegetables
3;2;14;EETRIJPE AVOCADO;2;1,29;2,58;2021-12-01;Wednesday;17:51;afternoon;supermarket;MCD;0;avocado;fruit & vegetables
3;2;15;SNOEPTOMAAT EMMER;1;2,99;2,99;2021-12-02;Thursday;12:30;noon;supermarket;MCD;0;tomatoes;fruit & vegetables
3;2;15;MANDARIJNEN VERP;1;2,29;2,29;2021-12-02;Thursday;12:30;noon;supermarket;MCD;0;tangerines;fruit & vegetables
3;2;15;Rijstwafels cheese;1;1,81;1,81;2021-12-02;Thursday;12:30;noon;supermarket;MCD;0;rice cakes;snacks
3;2;15;VERSGEPERST SINASSAP;1;1,99;1,99;2021-12-02;Thursday;12:30;noon;supermarket;MCD;0;orange juice;beverages
3;2;15;VVP-St. Flour;1;1,00;1,00;2021-12-02;Thursday;12:30;noon;supermarket;MCD;0;flour;bakery
3;2;15;XL frikandelbroodje;1;1,25;1,25;2021-12-02;Thursday;12:30;noon;supermarket;MCD;0;danish;bakery
3;2;15;Kaascroissant;1;0,89;0,89;2021-12-02;Thursday;12:30;noon;supermarket;MCD;0;danish;bakery
3;2;15;KOMKOMMER;1;0,99;0,99;2021-12-02;Thursday;12:30;noon;supermarket;MCD;0;cucumber;fruit & vegetables
3;2;15;CRACOTTES VOLKOREN;1;1,99;1,99;2021-12-02;Thursday;12:30;noon;supermarket;MCD;0;biscuits;bakery
3;2;16;JUMBOROL;1;2,95;2,95;2021-12-03;Friday;17:19;afternoon;supermarket;MCD;0;toilet paper;household
3;2;16;Sla Ongewassen Babyspine;1;1,79;1,79;2021-12-03;Friday;17:19;afternoon;supermarket;MCD;0;spinach;fruit & vegetables
3;2;16;NORI;1;2,47;2,47;2021-12-03;Friday;17:19;afternoon;supermarket;MCD;0;seaweed;cooking aids
3;2;16;Gerookte zalmflakes;1;5,99;5,99;2021-12-03;Friday;17:19;afternoon;supermarket;MCD;0;salmon;meat, fish & veggie
3;2;16;JONGE BLADSLA & RUCOLA;1;1,59;1,59;2021-12-03;Friday;17:19;afternoon;supermarket;MCD;0;salad;fruit & vegetables
3;2;16;RADIJS FLOWPACK;1;0,89;0,89;2021-12-03;Friday;17:19;afternoon;supermarket;MCD;0;radish;fruit & vegetables
3;2;16;Halfvolle melk;1;1,11;1,11;2021-12-03;Friday;17:19;afternoon;supermarket;MCD;0;milk;dairy & plant based
3;2;16;Halfvolle melk;1;1,65;1,65;2021-12-03;Friday;17:19;afternoon;supermarket;MCD;0;milk;dairy & plant based
3;2;16;ROOMY. STRACCIATEL;1;1,42;1,42;2021-12-03;Friday;17:19;afternoon;supermarket;MCD;0;ice cream;frozen foods
3;2;16;Gyoza;1;4,99;4,99;2021-12-03;Friday;17:19;afternoon;supermarket;MCD;0;gyoza;frozen foods
3;2;16;Ice macchiato;1;1,17;1,17;2021-12-03;Friday;17:19;afternoon;supermarket;MCD;0;coffee;beverages
3;2;16;BLOEMKOOL;1;1,89;1,89;2021-12-03;Friday;17:19;afternoon;supermarket;MCD;0;cauliflour;fruit & vegetables
3;2;16;SPERZIEBONEN;1;0,76;0,76;2021-12-03;Friday;17:19;afternoon;supermarket;MCD;0;beans;fruit & vegetables
3;2;17;Huisvuilzakken 50L;1;0,99;0,99;2021-12-04;Saturday;12:17;noon;supermarket;MCD;0;trash bags;household
3;2;17;Clipper Earl gray;1;2,91;2,91;2021-12-04;Saturday;12:17;noon;supermarket;MCD;0;tea;beverages
3;2;17;Arla bio halfvolle melk;1;1,51;1,51;2021-12-04;Saturday;12:17;noon;supermarket;MCD;0;milk;dairy & plant based
3;2;17;Smeren zonder palmolie;1;2,42;2,42;2021-12-04;Saturday;12:17;noon;supermarket;MCD;0;margarine;dairy & plant based
3;2;17;CROISSANTS;2;0,59;1,18;2021-12-04;Saturday;12:17;noon;supermarket;MCD;0;danish;bakery
3;2;17;Kaascroissant;1;0,89;0,89;2021-12-04;Saturday;12:17;noon;supermarket;MCD;0;danish;bakery
3;2;18;Tonijnstuk zonbl. MSC 3p;1;3,05;3,05;2021-12-04;Saturday;17:54;afternoon;supermarket;MCD;0;tuna;canned foods
3;2;18;BOSUIEN;1;0,99;0,99;2021-12-04;Saturday;17:54;afternoon;supermarket;MCD;0;spring onions;fruit & vegetables
3;2;18;Ger. Noorse Zalmfilet;1;3,99;3,99;2021-12-04;Saturday;17:54;afternoon;supermarket;MCD;0;salmon;meat, fish & veggie
3;2;18;Rosbief naturel;1;3,15;3,15;2021-12-04;Saturday;17:54;afternoon;supermarket;MCD;0;roast beef;meat, fish & veggie
3;2;18;NORI;1;2,47;2,47;2021-12-04;Saturday;17:54;afternoon;supermarket;MCD;0;nori;cooking aids
3;2;18;Halfvolle melk;2;1,11;2,22;2021-12-04;Saturday;17:54;afternoon;supermarket;MCD;0;milk;dairy & plant based
3;2;18;BIO+ KOMKOMMER;1;1,39;1,39;2021-12-04;Saturday;17:54;afternoon;supermarket;MCD;0;cucumber;fruit & vegetables
3;2;18;SB Chilled Classics Café;1;1,81;1,81;2021-12-04;Saturday;17:54;afternoon;supermarket;MCD;0;coffee;beverages
3;2;18;Sint. Nic.pap 250x46,5;1;0,99;0,99;2021-12-04;Saturday;17:54;afternoon;supermarket;MCD;0;candy;snacks
3;2;18;MIX CHOCO.KRUIDNOTEN;1;1,69;1,69;2021-12-04;Saturday;17:54;afternoon;supermarket;MCD;0;candy;snacks
3;2;18;SPERZIEBONEN;1;0,70;0,70;2021-12-04;Saturday;17:54;afternoon;supermarket;MCD;0;beans;fruit & vegetables
3;2;19;Antigeen test Covid;7;3,49;24,43;2021-12-04;Saturday;14:26;afternoon;supermarket;MCD;0;covid test;care & hygiene
3;3;20;Bio Runderchipolata;1;3,19;3,19;2021-12-06;Monday;17:52;afternoon;supermarket;MCD;0;sausage;meat, fish & veggie
3;3;20;AARDAPPEL VASKOKEND BIO;1;1,99;1,99;2021-12-06;Monday;17:52;afternoon;supermarket;MCD;0;potatoes;fruit & vegetables
3;3;20;HALFVOLLE BOERENMELK;1;1,32;1,32;2021-12-06;Monday;17:52;afternoon;supermarket;MCD;0;milk;dairy & plant based
3;3;20;Halfvolle melk;2;1,11;2,22;2021-12-06;Monday;17:52;afternoon;supermarket;MCD;0;milk;dairy & plant based
3;3;20;Ice macchiato;1;1,17;1,17;2021-12-06;Monday;17:52;afternoon;supermarket;MCD;0;coffee;beverages
3;3;20;Gwoon chips bolognese;1;0,91;0,91;2021-12-06;Monday;17:52;afternoon;supermarket;MCD;0;chips;snacks
3;3;20;GOUD.ROOD los & kg;1;0,57;0,57;2021-12-06;Monday;17:52;afternoon;supermarket;MCD;0;cheese;dairy & plant based
3;3;20;MIX CHOCO.KRUIDNOTEN;1;0,50;0,50;2021-12-06;Monday;17:52;afternoon;supermarket;MCD;0;candy;snacks
3;3;21;WAKAME SALAD;2;0,99;1,98;2021-12-07;Tuesday;11:30;morning;minimarket;De Pers;0;seaweed salad;fruit & vegetables
3;3;21;KAKIFRUIT;1;1,85;1,85;2021-12-07;Tuesday;11:30;morning;minimarket;De Pers;0;kaki;fruit & vegetables
3;3;21;GEDROOGDE VIJGEN;1;1,86;1,86;2021-12-07;Tuesday;11:30;morning;minimarket;De Pers;0;figs;nuts, seeds & dried fruit
3;3;22;Bio+ Wokgarnalen;1;4,50;4,50;2021-12-07;Tuesday;17:32;afternoon;supermarket;MCD;1;shrimp;meat, fish & veggie
3;3;22;Halfvolle melk;1;1,65;1,65;2021-12-07;Tuesday;17:32;afternoon;supermarket;MCD;0;milk;dairy & plant based
3;3;22;Halfvolle melk;1;1,11;1,11;2021-12-07;Tuesday;17:32;afternoon;supermarket;MCD;0;milk;dairy & plant based
3;3;22;1/4 CRISPY MAIS BIO;1;1,50;1,50;2021-12-07;Tuesday;17:32;afternoon;supermarket;MCD;0;mais;canned foods
3;3;22;SPITSKOOL;1;1,79;1,79;2021-12-07;Tuesday;17:32;afternoon;supermarket;MCD;0;cabbage;fruit & vegetables
3;3;22;Bio Speklap;1;3,43;3,43;2021-12-07;Tuesday;17:32;afternoon;supermarket;MCD;0;bacon;meat, fish & veggie
3;3;23;CITROEN;2;0,69;1,38;2021-12-07;Tuesday;19:16;evening;supermarket;MCD;0;lemons;fruit & vegetables
3;3;23;Kattenb houtkorrels;1;4,79;4,79;2021-12-07;Tuesday;17:32;afternoon;supermarket;MCD;0;cat litter;non-food
3;3;23;JONAGOLD B VERP.;1;2,89;2,89;2021-12-07;Tuesday;19:16;evening;supermarket;MCD;0;apples;fruit & vegetables
3;3;24;Arla bio hv milde yogh;1;1,63;1,63;2021-12-08;Wednesday;17:24;afternoon;supermarket;MCD;0;yoghurt;dairy & plant based
3;3;24;VANILLE VLA;1;1,00;1,00;2021-12-08;Wednesday;17:24;afternoon;supermarket;MCD;0;pudding;dairy & plant based
3;3;24;Olijven basilicum;1;2,19;2,19;2021-12-08;Wednesday;17:24;afternoon;supermarket;MCD;0;olives;fruit & vegetables
3;3;24;Cruesli chocolade;1;4,44;4,44;2021-12-08;Wednesday;17:24;afternoon;supermarket;MCD;0;muesli;breakfast & spreads
3;3;24;Arla bio halfvolle melk;1;1,51;1,51;2021-12-08;Wednesday;17:24;afternoon;supermarket;MCD;0;milk;dairy & plant based
3;3;24;Macadamia's gezouten;1;4,59;4,59;2021-12-08;Wednesday;17:24;afternoon;supermarket;MCD;0;macadamia;nuts, seeds & dried fruit
3;3;24;GEGR. HOTWINGS;1;3,98;3,98;2021-12-08;Wednesday;17:24;afternoon;supermarket;MCD;1;chicken;meat, fish & veggie
3;3;24;SPRUITEN;1;1,19;1,19;2021-12-08;Wednesday;17:24;afternoon;supermarket;MCD;0;brussels sprouts;fruit & vegetables
3;3;24;CRACOTTES VOLKOREN;1;1,99;1,99;2021-12-08;Wednesday;17:24;afternoon;supermarket;MCD;0;biscuits;bakery
3;3;25;RUCOLA SLA;1;1,09;1,09;2021-12-09;Thursday;17:59;afternoon;supermarket;MCD;0;salad;fruit & vegetables
3;3;25;Halfvolle melk;2;1,11;2,22;2021-12-09;Thursday;17:59;afternoon;supermarket;MCD;0;milk;dairy & plant based
3;3;25;Fanta grape;1;1,39;1,39;2021-12-09;Thursday;17:59;afternoon;supermarket;MCD;0;lemonade;beverages
3;3;25;Tortellini ricotta/chees;1;2,19;2,19;2021-12-09;Thursday;17:59;afternoon;supermarket;MCD;0;filled pasta;pasta & rice
3;3;25;Raviolini Basil/Pravalan;1;3,09;3,09;2021-12-09;Thursday;17:59;afternoon;supermarket;MCD;0;filled pasta;pasta & rice
3;3;25;Kookroom 20% UHT;1;0,67;0,67;2021-12-09;Thursday;17:59;afternoon;supermarket;MCD;0;cream;dairy & plant based
3;3;25;Ice macchiato;1;1,21;1,21;2021-12-09;Thursday;17:59;afternoon;supermarket;MCD;0;coffee;beverages
3;3;25;KRUIDNOTEN;1;0,50;0,50;2021-12-09;Thursday;17:59;afternoon;supermarket;MCD;0;candy;snacks
3;3;25;BROOD TARWE HALF;2;1,13;2,26;2021-12-09;Thursday;17:59;afternoon;supermarket;MCD;1;bread;bakery
3;3;25;Bio katanspek;1;2,34;2,34;2021-12-09;Thursday;17:59;afternoon;supermarket;MCD;0;bacon;meat, fish & veggie
3;3;26;BASCIS BALLOONS;1;1,52;1,52;2021-12-11;Saturday;14:11;afternoon;supermarket;MCD;0;balloons;non-food
3;3;26;Arla bio halfvolle melk;1;1,51;1,51;2021-12-11;Saturday;17:54;afternoon;supermarket;MCD;0;milk;dairy & plant based
3;3;26;LEMON;1;0,69;0,69;2021-12-11;Saturday;17:54;afternoon;supermarket;MCD;0;limes;fruit & vegetables
3;3;26;CITROEN;2;0,69;1,38;2021-12-11;Saturday;17:54;afternoon;supermarket;MCD;0;lemons;fruit & vegetables
3;3;26;Fanta grape;1;1,39;1,39;2021-12-11;Saturday;17:54;afternoon;supermarket;MCD;0;lemonade;beverages
3;3;26;Coolbest Strawberry hill;1;2,08;2,08;2021-12-11;Saturday;17:54;afternoon;supermarket;MCD;0;lemonade;beverages
3;3;26;Superchips naturel;1;1,67;1,67;2021-12-11;Saturday;17:54;afternoon;supermarket;MCD;0;chips;snacks
3;3;27;PASTINAAK;1;0,61;0,61;2021-12-11;Saturday;17:17;afternoon;minimarket;De Pers;0;parsnip;fruit & vegetables
3;3;27;PASTINAAK;1;0,47;0,47;2021-12-11;Saturday;17:17;afternoon;minimarket;De Pers;0;parsnip;fruit & vegetables
3;3;27;OESTERZWAMMEN;1;1,02;1,02;2021-12-11;Saturday;17:17;afternoon;minimarket;De Pers;0;mushrooms;fruit & vegetables
3;3;27;SHII TAKE;1;1,48;1,48;2021-12-11;Saturday;17:17;afternoon;minimarket;De Pers;0;mushrooms;fruit & vegetables
3;3;27;GEDROOGDE MANGO ONGEZOE;2;3,95;7,90;2021-12-11;Saturday;17:17;afternoon;minimarket;De Pers;0;dried mango;meat, fish & veggie
3;3;27;HALLOUMI;1;3,45;3,45;2021-12-11;Saturday;17:17;afternoon;minimarket;De Pers;0;cheese;dairy & plant based
3;3;28;JUMBOROL;1;2,95;2,95;2021-12-12;Sunday;13:21;noon;supermarket;MCD;0;toilet paper;household
3;3;28;Tissuebox original duo;1;3,39;3,39;2021-12-12;Sunday;13:21;noon;supermarket;MCD;0;tissues;care & hygiene
3;3;28;Rijstwafels cheese;1;1,81;1,81;2021-12-12;Sunday;13:21;noon;supermarket;MCD;0;rice cakes;snacks
3;3;28;Roerb sens spaanse paell;1;4,79;4,79;2021-12-12;Sunday;13:21;noon;supermarket;MCD;1;paella;meat, fish & veggie
3;3;28;Bio halfvolle melk;1;1,50;1,50;2021-12-12;Sunday;13:21;noon;supermarket;MCD;0;milk;dairy & plant based
3;3;28;Halfvolle melk;1;1,65;1,65;2021-12-12;Sunday;13:21;noon;supermarket;MCD;0;milk;dairy & plant based
3;3;28;Zuivelspread naturel;1;0,69;0,69;2021-12-12;Sunday;13:21;noon;supermarket;MCD;0;margarine;dairy & plant based
3;3;28;Q1 kroonstrip 6-polig 2.;1;2,99;2,99;2021-12-12;Sunday;13:21;noon;supermarket;MCD;0;electronics;non-food
3;3;28;Kaascroissant;1;0,89;0,89;2021-12-12;Sunday;13:21;noon;supermarket;MCD;0;danish;bakery
3;3;28;Ice macchiato;1;1,21;1,21;2021-12-12;Sunday;13:21;noon;supermarket;MCD;0;coffee;beverages
3;3;29;Roomyoghurt straw. Vani.;1;1,75;1,75;2021-12-12;Sunday;17:54;afternoon;supermarket;MCD;0;yoghurt;dairy & plant based
3;3;29;Zonnebloemolie;1;2,80;2,80;2021-12-12;Sunday;17:54;afternoon;supermarket;MCD;0;sunflour oil;cooking aids
3;3;29;Halfvolle melk;1;1,11;1,11;2021-12-12;Sunday;17:54;afternoon;supermarket;MCD;0;milk;dairy & plant based
3;3;29;Bio+ Macaroni;1;0,99;0,99;2021-12-12;Sunday;17:54;afternoon;supermarket;MCD;0;macaroni;pasta & rice
3;3;29;Fanta peach;1;1,39;1,39;2021-12-12;Sunday;17:54;afternoon;supermarket;MCD;0;lemonade;beverages
3;3;29;Gyoza;1;4,99;4,99;2021-12-12;Sunday;17:54;afternoon;supermarket;MCD;0;gyoza;frozen foods
3;3;29;SPINAZIE BOURSIN;1;2,43;2,43;2021-12-12;Sunday;17:54;afternoon;supermarket;MCD;0;frozen spinach;frozen foods
3;3;29;Koopmans Bio Tarwebloem;1;1,90;1,90;2021-12-12;Sunday;17:54;afternoon;supermarket;MCD;0;flour;bakery
3;3;29;Biologische ei S/M/L 3*8;1;2,69;2,69;2021-12-12;Sunday;17:54;afternoon;supermarket;MCD;0;eggs;dairy & plant based
3;3;29;Ontbijtkoek gesn volk;1;1,95;1,95;2021-12-12;Sunday;17:54;afternoon;supermarket;MCD;0;danish;bakery
3;3;29;DRY-ROASTED CASHEWS;1;2,20;2,20;2021-12-12;Sunday;17:54;afternoon;supermarket;MCD;0;cashews;nuts, seeds & dried fruit
3;3;30;KIPS;1;1,99;1,99;2021-12-12;Sunday;15:17;afternoon;supermarket;Albert Heijn;0;vega paté;meat, fish & veggie
3;3;30;EARL GR;1;2,79;2,79;2021-12-12;Sunday;15:17;afternoon;supermarket;Albert Heijn;0;tea;beverages
3;3;30;ERU KIDS;1;1,15;1,15;2021-12-12;Sunday;15:17;afternoon;supermarket;Albert Heijn;0;margarine;dairy & plant based
3;3;30;PHILIPS LED;2;7,89;15,78;2021-12-12;Sunday;15:17;afternoon;supermarket;Albert Heijn;0;light bulb;non-food
3;3;30;PHILIPS LED;2;6,89;13,78;2021-12-12;Sunday;15:17;afternoon;supermarket;Albert Heijn;0;light bulb;non-food
3;3;30;PHILPS;1;7,89;7,89;2021-12-12;Sunday;15:17;afternoon;supermarket;Albert Heijn;0;light bulb;non-food
3;3;30;MAJESTIC;2;3,99;7,98;2021-12-12;Sunday;15:17;afternoon;supermarket;Albert Heijn;0;light bulb;non-food
3;3;30;PATTEX;1;3,19;3,19;2021-12-12;Sunday;15:17;afternoon;supermarket;Albert Heijn;0;glue;non-food
3;3;30;AH VAAT TAB;1;3,29;3,29;2021-12-12;Sunday;15:17;afternoon;supermarket;Albert Heijn;0;dishwaser tablets;household
3;3;30;AH TIRAMISU;1;2,39;2,39;2021-12-12;Sunday;15:17;afternoon;supermarket;Albert Heijn;0;dessert;dairy & plant based
3;3;30;RB GEV KOEK;1;1,96;1,96;2021-12-12;Sunday;15:17;afternoon;supermarket;Albert Heijn;0;danish;bakery
3;3;31;BONITO FLAKES KATSUOBUSHI;1;3,95;3,95;2021-12-12;Sunday;15:17;evening;minimarket;De Pers;0;tuna strips;meat, fish & veggie
3;3;31;OKONOMI SAUS;1;2,95;2,95;2021-12-12;Sunday;15:17;evening;minimarket;De Pers;0;sauce;condiments
3;3;31;JAPANSE UDON NOODLES MARUTSUNE;1;1,95;1,95;2021-12-12;Sunday;15:17;evening;minimarket;De Pers;0;noodles;pasta & rice
3;3;31;SHII TAKE;1;1,28;1,28;2021-12-12;Sunday;15:17;evening;minimarket;De Pers;0;mushrooms;fruit & vegetables
3;3;31;GEDROOGDE MANGO ONGEZOE;1;3,95;3,95;2021-12-12;Sunday;15:17;evening;minimarket;De Pers;0;dried mango;nuts, seeds & dried fruit
3;3;31;WINTERPEEN;1;0,23;0,23;2021-12-12;Sunday;15:17;evening;minimarket;De Pers;0;carrots;fruit & vegetables
3;4;32;COURGETTE;1;1,29;1,29;2021-12-14;Tuesday;18:02;evening;supermarket;MCD;0;zucchini;fruit & vegetables
3;4;32;MANDARIJNEN VERP;1;2,29;2,29;2021-12-14;Tuesday;18:02;evening;supermarket;MCD;0;tangerines;fruit & vegetables
3;4;32;Knakworst zav;1;2,59;2,59;2021-12-14;Tuesday;18:02;evening;supermarket;MCD;0;snack sausages;snacks
3;4;32;Gebakken sjalotjes;1;0,99;0,99;2021-12-14;Tuesday;18:02;evening;supermarket;MCD;0;shallots;fruit & vegetables
3;4;32;Halfvolle melk;1;0,99;0,99;2021-12-14;Tuesday;18:02;evening;supermarket;MCD;0;milk;dairy & plant based
3;4;32;Bio melk Halfvol UHT;1;1,12;1,12;2021-12-14;Tuesday;18:02;evening;supermarket;MCD;0;milk;dairy & plant based
3;4;32;Halfvolle melk;1;1,65;1,65;2021-12-14;Tuesday;18:02;evening;supermarket;MCD;0;milk;dairy & plant based
3;4;32;Coolbest Mango Dream 70%;1;1,76;1,76;2021-12-14;Tuesday;18:02;evening;supermarket;MCD;0;lemonade;beverages
3;4;32;Fanta Strawberry;1;1,39;1,39;2021-12-14;Tuesday;18:02;evening;supermarket;MCD;0;lemonade;beverages
3;4;32;TOP D. TOM-KETCHUP BIO;1;3,01;3,01;2021-12-14;Tuesday;18:02;evening;supermarket;MCD;0;ketchup;condiments
3;4;32;Ice macchiato;1;1,21;1,21;2021-12-14;Tuesday;18:02;evening;supermarket;MCD;0;coffee;beverages
3;4;32;KOFFIE GROVE MALING;1;3,60;3,60;2021-12-14;Tuesday;18:02;evening;supermarket;MCD;0;coffee;beverages
3;4;32;WINTERPEEN;1;0,18;0,18;2021-12-14;Tuesday;18:02;evening;supermarket;MCD;0;carrots;fruit & vegetables
3;4;32;SPERZIEBONEN;1;0,54;0,54;2021-12-14;Tuesday;18:02;evening;supermarket;MCD;0;beans;fruit & vegetables
3;4;32;FAIR TRADE BANANEN;1;1,30;1,30;2021-12-14;Tuesday;18:02;evening;supermarket;MCD;0;bananas;fruit & vegetables
3;4;33;TROSTOMATEN;1;0,99;0,99;2021-12-16;Thursday;18:22;evening;minimarket;De Pers;0;tomatoes;fruit & vegetables
3;4;33;BIO POMPOEN;1;2,04;2,04;2021-12-16;Thursday;18:22;evening;minimarket;De Pers;0;pumpkin;fruit & vegetables
3;4;33;PASTINAAK;1;0,58;0,58;2021-12-16;Thursday;18:22;evening;minimarket;De Pers;0;parsnip;fruit & vegetables
3;4;33;KASTANJECHAMPIGNONS;1;0,74;0,74;2021-12-16;Thursday;18:22;evening;minimarket;De Pers;0;mushrooms;fruit & vegetables
3;4;33;OESTERZWAMMEN;1;1,53;1,49;2021-12-16;Thursday;18:22;evening;minimarket;De Pers;0;mushrooms;fruit & vegetables
3;4;33;KAKIFRUIT;1;1,87;1,87;2021-12-16;Thursday;18:22;evening;minimarket;De Pers;0;kaki;fruit & vegetables
3;4;33;MANGOSTRIPS EKO;1;2,83;2,83;2021-12-16;Thursday;18:22;evening;minimarket;De Pers;0;dried mango;nuts, seeds & dried fruit
3;4;33;AVOCADO READY TO EAT;1;1,75;1,75;2021-12-16;Thursday;18:22;evening;minimarket;De Pers;0;avocado;fruit & vegetables
3;4;34;TIJM;1;1,49;1,49;2021-12-15;Wednesday;17:59;afternoon;supermarket;MCD;0;thyme;fruit & vegetables
3;4;34;Pompoen broodjes;1;0,29;0,29;2021-12-15;Wednesday;17:59;afternoon;supermarket;MCD;0;sandwiches;bakery
3;4;34;Ansjovis olijfolie MSC;1;1,83;1,83;2021-12-15;Wednesday;17:59;afternoon;supermarket;MCD;0;olive oil;cooking aids
3;4;34;Arla bio halfvolle melk;2;1,51;3,02;2021-12-15;Wednesday;17:59;afternoon;supermarket;MCD;0;milk;dairy & plant based
3;4;34;GEMBER;1;1,17;1,17;2021-12-15;Wednesday;17:59;afternoon;supermarket;MCD;0;ginger;fruit & vegetables
3;4;34;Crème fraiche;1;1,45;1,45;2021-12-15;Wednesday;17:59;afternoon;supermarket;MCD;0;cream;dairy & plant based
3;4;34;Lotus Biscoff;1;2,88;2,88;2021-12-15;Wednesday;17:59;afternoon;supermarket;MCD;0;cookies;snacks
3;4;34;Gouda jong 48+;1;5,75;5,75;2021-12-15;Wednesday;17:59;afternoon;supermarket;MCD;0;cheese;dairy & plant based
3;4;34;VVP-Bleu d Auvergne;1;1,00;1,00;2021-12-15;Wednesday;17:59;afternoon;supermarket;MCD;0;cheese;dairy & plant based
3;4;34;Kappertjes;1;0,82;0,82;2021-12-15;Wednesday;17:59;afternoon;supermarket;MCD;0;capers;fruit & vegetables
3;4;35;MANDARIJNEN VERP;1;2,29;2,29;2021-12-17;Friday;18:07;evening;supermarket;MCD;0;tangerines;fruit & vegetables
3;4;35;Vismarine Zalmfilet;1;7,50;7,50;2021-12-17;Friday;18:07;evening;supermarket;MCD;0;salmon;meat, fish & veggie
3;4;35;SLAGROOMVLA VANILLE;1;1,01;1,01;2021-12-17;Friday;18:07;evening;supermarket;MCD;0;pudding;dairy & plant based
3;4;35;Halfvolle melk;2;0,99;1,98;2021-12-17;Friday;18:07;evening;supermarket;MCD;0;milk;dairy & plant based
3;4;35;Fanta Orange regular;1;0,79;0,79;2021-12-17;Friday;18:07;evening;supermarket;MCD;0;lemonade;beverages
3;4;35;Biologische ei S/M/L 3*B;1;2,69;2,69;2021-12-17;Friday;18:07;evening;supermarket;MCD;0;eggs;dairy & plant based
3;4;35;EETRIJPE AVOCADO;1;1,29;1,29;2021-12-17;Friday;18:07;evening;supermarket;MCD;0;avocado;fruit & vegetables
3;4;36;JAPANSE MAYONAISE SSK;1;4,45;4,45;2021-12-17;Friday;18:39;evening;minimarket;De Pers;0;mayonnaise;condiments
3;4;36;BIMI TENDERSTEM;1;2,95;2,95;2021-12-17;Friday;18:39;evening;minimarket;De Pers;0;broccoli;fruit & vegetables
3;4;37;zonnebloemolie;1;2,80;2,80;2021-12-18;Saturday;16:15;afternoon;supermarket;MCD;0;sunflour oil;cooking aids
3;4;37;Noorse Zalmfilet lang ge;1;4,79;4,79;2021-12-18;Saturday;16:15;afternoon;supermarket;MCD;0;salmon;meat, fish & veggie
3;4;37;Rosbief naturel;1;3,07;3,07;2021-12-18;Saturday;16:15;afternoon;supermarket;MCD;0;roast beef;meat, fish & veggie
3;4;37;NORI;1;2,47;2,47;2021-12-18;Saturday;16:15;afternoon;supermarket;MCD;0;nori;cooking aids
3;4;37;Bio halfvolle melk;2;1,50;3,00;2021-12-18;Saturday;16:15;afternoon;supermarket;MCD;0;milk;dairy & plant based
3;4;37;Coolbest Premium orange;1;2,12;2,12;2021-12-18;Saturday;16:15;afternoon;supermarket;MCD;0;lemonade;beverages
3;4;37;Hertog Slagroomijs;1;2,92;2,92;2021-12-18;Saturday;16:15;afternoon;supermarket;MCD;0;ice cream;frozen foods
3;4;37;SUPERCR. HOLL. FRIET;1;2,08;2,08;2021-12-18;Saturday;16:15;afternoon;supermarket;MCD;0;french fries;frozen foods
3;4;37;Biologische ei S/M/L 3*B;1;4,07;4,07;2021-12-18;Saturday;16:15;afternoon;supermarket;MCD;0;eggs;dairy & plant based
3;4;37;KOMKOMMER;1;0,99;0,99;2021-12-18;Saturday;16:15;afternoon;supermarket;MCD;0;cucumber;fruit & vegetables
3;4;37;Ice macchiato;1;1,21;1,21;2021-12-18;Saturday;16:15;afternoon;supermarket;MCD;0;coffee;beverages
3;4;37;0% champagne;1;2,99;2,99;2021-12-18;Saturday;16:15;afternoon;supermarket;MCD;0;champagne alcoholfree;beverages
3;4;37;TIJGERTARWE HALF;1;1,07;1,07;2021-12-18;Saturday;16:15;afternoon;supermarket;MCD;0;bread;bakery 
3;4;37;SPERZIEBONEN;1;0,76;0,76;2021-12-18;Saturday;16:15;afternoon;supermarket;MCD;0;beans;fruit & vegetables
3;4;38;Sonsodyne TB Gentle Care;1;4,88;4,88;2021-12-19;Sunday;17:55;afternoon;supermarket;MCD;0;toothbrush;care & hygiene
3;4;38;TB Sensitive ultra soft;1;1,09;1,09;2021-12-19;Sunday;17:55;afternoon;supermarket;MCD;0;toothbrush;care & hygiene
3;4;38;JUMBOROL;1;2,95;2,95;2021-12-19;Sunday;17:55;afternoon;supermarket;MCD;0;toilet paper;household
3;4;38;Clipper Earl gray;1;2,91;2,91;2021-12-19;Sunday;17:55;afternoon;supermarket;MCD;0;tea;beverages
3;4;38;Forel Rilette;1;2,99;2,99;2021-12-19;Sunday;17:55;afternoon;supermarket;MCD;0;fish spread;meat, fish & veggie
3;4;38;Ice macchiato;1;1,21;1,21;2021-12-19;Sunday;17:55;afternoon;supermarket;MCD;0;coffee;beverages
3;4;38;CHIPS CHEESE ONION;1;1,57;1,57;2021-12-19;Sunday;17:55;afternoon;supermarket;MCD;0;chips;snacks
3;4;38;Trio Aioli;1;5,00;5,00;2021-12-19;Sunday;17:55;afternoon;supermarket;MCD;0;aioli;cooking aids
3;4;38;Aillioli;1;1,15;1,15;2021-12-19;Sunday;17:55;afternoon;supermarket;MCD;0;aioli;cooking aids
3;4;39;HALFVOLLE BOERENYOGHURT;1;1,47;1,47;2021-12-19;Sunday;17:34;afternoon;supermarket;MCD;0;yoghurt;dairy & plant based
3;4;39;Alpro Drink OAT Unsweete;1;2,16;2,16;2021-12-19;Sunday;17:34;afternoon;supermarket;MCD;0;soya milk;dairy & plant based
3;4;39;Volkorenbroodjes 4st;1;1,95;1,95;2021-12-19;Sunday;17:34;afternoon;supermarket;MCD;0;sandwiches;bakery
3;4;39;AARDAPPEL VASTKOKEND BIO;1;2,19;2,19;2021-12-19;Sunday;17:34;afternoon;supermarket;MCD;0;potatoes;fruit & vegetables
3;4;39;Havermout vlokken;1;0,51;0,51;2021-12-19;Sunday;17:34;afternoon;supermarket;MCD;0;oatmeal;breakfast & spreads
3;4;39;VENKEL;1;1,39;1,39;2021-12-19;Sunday;17:34;afternoon;supermarket;MCD;0;fennel;fruit & vegetables
3;4;39;Chocolade mousse ;1;1,47;1,47;2021-12-19;Sunday;17:34;afternoon;supermarket;MCD;0;dessert;dairy & plant based
3;4;40;Rijstwafels cheese;1;1,81;1,81;2021-12-19;Sunday;12:18;noon;supermarket;MCD;0;rice cakes;snacks
3;4;40;Popcorn lightly sea salt;1;2,07;2,07;2021-12-19;Sunday;12:18;noon;supermarket;MCD;0;popcorn;snacks
3;4;40;Kaascroissant;1;0,89;0,89;2021-12-19;Sunday;12:18;noon;supermarket;MCD;0;danish;bakery
3;4;40;CRACOTTES VOLKOREN;1;1,99;1,99;2021-12-19;Sunday;12:18;noon;supermarket;MCD;0;biscuits;bakery
3;5;41;Grote garnalen;1;2,99;2,99;2021-12-20;Monday;18:01;evening;supermarket;MCD;0;shrimp;meat, fish & veggie
3;5;41;JONGE BLADSLA/VLED;1;1,19;1,19;2021-12-20;Monday;18:01;evening;supermarket;MCD;0;salad;fruit & vegetables
3;5;41;Halfvolle melk;2;1,11;2,22;2021-12-20;Monday;18:01;evening;supermarket;MCD;0;milk;dairy & plant based
3;5;41;Gerookte makreel heel;1;3,49;3,49;2021-12-20;Monday;18:01;evening;supermarket;MCD;0;fish;meat, fish & veggie
3;5;41;AUBERGINE;1;0,99;0,99;2021-12-20;Monday;18:01;evening;supermarket;MCD;0;eggplant;fruit & vegetables
3;5;41;ROOMB, AMANDEL GEV, KOEK;1;0,79;0,79;2021-12-20;Monday;18:01;evening;supermarket;MCD;0;danish;bakery
3;5;41;Antigeen test Covid;3;3,49;10,47;2021-12-20;Monday;18:01;evening;supermarket;MCD;0;covid test;care & hygiene
3;5;41;Scharrel Kip krokantschn;1;3,39;3,39;2021-12-20;Monday;18:01;evening;supermarket;MCD;0;chicken;meat, fish & veggie
3;5;41;WINTERPEEN;1;0,20;0,20;2021-12-20;Monday;18:01;evening;supermarket;MCD;0;carrots;fruit & vegetables
3;5;41;EETRIJPE AVOCADO;1;1,29;1,29;2021-12-20;Monday;18:01;evening;supermarket;MCD;0;avocado;fruit & vegetables
3;5;42;Halfvolle melk;1;1,17;1,17;2021-12-21;Tuesday;18:01;evening;supermarket;MCD;0;milk;dairy & plant based
3;5;42;Fanta peach;1;1,39;1,39;2021-12-21;Tuesday;18:01;evening;supermarket;MCD;0;lemonade;beverages
3;5;42;RISTORANTE;1;2,38;2,38;2021-12-21;Tuesday;18:01;evening;supermarket;MCD;0;frozen pizza;frozen foods
3;5;42;Knappers kaneel;1;1,54;1,54;2021-12-21;Tuesday;18:01;evening;supermarket;MCD;0;cookies;snacks
3;5;42;Ice macchiato;1;1,21;1,21;2021-12-21;Tuesday;18:01;evening;supermarket;MCD;0;coffee;beverages
3;5;42;Arla biologische kerneme;1;1,27;1,27;2021-12-21;Tuesday;18:01;evening;supermarket;MCD;0;buttermilk;dairy & plant based
3;5;43;Schenkstroop originele;1;1,47;1,47;2022-01-12;Wednesday;17:44;afternoon;supermarket;MCD;0;syrup;bakery
3;5;43;AARDAPPEL VASTKOKEND BIO;1;2,19;2,19;2022-01-12;Wednesday;17:44;afternoon;supermarket;MCD;0;potatoes;fruit & vegetables
3;5;43;Arla bio halfvolle melk;2;1,51;3,02;2022-01-12;Wednesday;17:44;afternoon;supermarket;MCD;0;milk;dairy & plant based
3;5;43;Flow ;1;7,75;7,75;2022-01-12;Wednesday;17:44;afternoon;supermarket;MCD;0;magazine;non-food
3;5;43;LIGA haverk. Bosvrucht;1;1,99;1,99;2022-01-12;Wednesday;17:44;afternoon;supermarket;MCD;0;fruit/nut bar;breakfast & spreads
3;5;43;tex mex salsa dip med;1;1,75;1,75;2022-01-12;Wednesday;17:44;afternoon;supermarket;MCD;0;dip;condiments
3;5;43;superchips naturel;1;1,71;1,71;2022-01-12;Wednesday;17:44;afternoon;supermarket;MCD;0;chips;snacks
3;5;43;GOUD. ROOD LOS 7KG;1;1,41;1,41;2022-01-12;Wednesday;17:44;afternoon;supermarket;MCD;0;cheese;dairy & plant based
3;5;43;Bio Runderchipolata;1;3,79;3,79;2022-01-12;Wednesday;17:44;afternoon;supermarket;MCD;0;beef;meat, fish & veggie
3;5;43;1/2 WITTE BONEN;1;1,95;1,95;2022-01-12;Wednesday;17:44;afternoon;supermarket;MCD;0;beans;canned foods
3;5;44;clipper earl grey;1;3,11;3,11;2022-01-14;Friday;16:08;afternoon;supermarket;MCD;0;tea;beverages
3;5;44;halfvolle melk;1;1,17;1,17;2022-01-14;Friday;16:08;afternoon;supermarket;MCD;0;milk;dairy & plant based
3;5;44;mondkapjes 50stuks;1;3,99;3,99;2022-01-14;Friday;16:08;afternoon;supermarket;MCD;0;face masks;care & hygiene
3;5;44;ontbijtkoek gesn volk;1;2,05;2,05;2022-01-14;Friday;16:08;afternoon;supermarket;MCD;0;danish;bakery
3;5;44;croky chips paprika;1;1,41;1,41;2022-01-14;Friday;16:08;afternoon;supermarket;MCD;0;chips;snacks
3;5;44;SUPER MERGPIJP;1;2,98;2,98;2022-01-14;Friday;16:08;afternoon;supermarket;MCD;0;cakes;snacks
3;5;44;longlife power AAA battery;1;5,14;5,14;2022-01-14;Friday;16:08;afternoon;supermarket;MCD;0;batteries;non-food
3;5;45;javafood spekkoek pandan;1;2,35;2,35;2022-01-14;Friday;18:41;evening;supermarket;MCD;0;pastry;bakery
3;5;45;halfvolle melk;1;1,17;1,17;2022-01-14;Friday;18:41;evening;supermarket;MCD;0;milk;dairy & plant based
3;5;45;1/4 CRISPY MAISKORRELS;1;1,27;1,27;2022-01-14;Friday;18:41;evening;supermarket;MCD;0;mais;canned foods
3;5;45;Roerb sen noodles rundvl;1;5,19;5,19;2022-01-14;Friday;18:41;evening;supermarket;MCD;1;frozen meal;frozen foods
3;5;45;roerb sens spaanse paell;1;4,79;4,79;2022-01-14;Friday;18:41;evening;supermarket;MCD;1;frozen meal;frozen foods
3;5;45;tomatenblokjes;1;1,25;1,25;2022-01-14;Friday;18:41;evening;supermarket;MCD;0;diced tomatoes;canned foods
3;5;45;crème fraiche ;1;1,45;1,45;2022-01-14;Friday;18:41;evening;supermarket;MCD;0;cream;dairy & plant based
3;5;45;HAK bruine bonen;2;1,51;3,02;2022-01-14;Friday;18:41;evening;supermarket;MCD;0;beans;fruit & vegetables
3;5;45;rode kidneybonen;2;2,29;4,58;2022-01-14;Friday;18:41;evening;supermarket;MCD;0;beans;canned foods
3;5;45;EETRIJPE AVOCADO;1;1,29;1,29;2022-01-14;Friday;18:41;evening;supermarket;MCD;0;avocado;fruit & vegetables
3;5;46;rijstwafels cheese;1;1,91;1,91;2022-01-15;Saturday;11:46;morning;supermarket;MCD;0;rice cakes;snacks
3;5;46;henri pasta salmone;1;5,49;5,49;2022-01-15;Saturday;11:46;morning;supermarket;MCD;0;pasta meal;meat, fish & veggie
3;5;46;halfvolle melk;1;1,17;1,17;2022-01-15;Saturday;11:46;morning;supermarket;MCD;0;milk;dairy & plant based
3;5;46;MASCARPONE;1;2,39;2,39;2022-01-15;Saturday;11:46;morning;supermarket;MCD;0;mascarpone;dairy & plant based
3;5;46;ice machiato;1;1,21;1,21;2022-01-15;Saturday;11:46;morning;supermarket;MCD;0;iced coffee;beverages
3;5;46;LIGA HAVERKICK GRANEN AP;1;2,07;2,07;2022-01-15;Saturday;11:46;morning;supermarket;MCD;0;fruit/nut bar;breakfast & spreads
3;5;46;fruitbiscuit bosvr;1;2,01;2,01;2022-01-15;Saturday;11:46;morning;supermarket;MCD;0;fruit/nut bar;breakfast & spreads
3;5;46;CROISSANT;1;0,59;0,59;2022-01-15;Saturday;11:46;morning;supermarket;MCD;0;danish;bakery
3;5;46;kaascroissant;1;0,89;0,89;2022-01-15;Saturday;11:46;morning;supermarket;MCD;0;danish;bakery
3;5;46;melkan slagroom 35%;1;1,32;1,32;2022-01-15;Saturday;11:46;morning;supermarket;MCD;0;cream;dairy & plant based
3;5;46;gekookte gelderse worst;1;1,32;1,32;2022-01-15;Saturday;11:46;morning;supermarket;MCD;0;charcuterie;meat, fish & veggie
3;5;46;tijgertarwe half;1;0,90;0,90;2022-01-15;Saturday;11:46;morning;supermarket;MCD;0;bread;bakery
3;5;47;arla bio hv milde yogh;1;1,63;1,63;2022-01-15;Saturday;17:12;afternoon;supermarket;MCD;0;yoghurt;dairy & plant based
3;5;47;arla bio hafvolle melk;1;1,51;1,51;2022-01-15;Saturday;17:12;afternoon;supermarket;MCD;0;yoghurt;dairy & plant based
3;5;47;rucola sla melange;1;1,29;1,29;2022-01-15;Saturday;17:12;afternoon;supermarket;MCD;0;salad;fruit & vegetables
3;5;47;vanille vla;1;1,00;1,00;2022-01-15;Saturday;17:12;afternoon;supermarket;MCD;0;pudding;dairy & plant based
3;5;47;mini tulband;1;3,99;3,99;2022-01-15;Saturday;17:12;afternoon;supermarket;MCD;0;pastry;bakery
3;5;47;macadamia's gezouten;1;4,59;4,59;2022-01-15;Saturday;17:12;afternoon;supermarket;MCD;0;nuts;nuts, seeds & dried fruit
3;5;47;oesterzwam 150gr;1;1,79;1,79;2022-01-15;Saturday;17:12;afternoon;supermarket;MCD;0;mushrooms;fruit & vegetables
3;5;47;chips cheese onion;1;1,57;1,57;2022-01-15;Saturday;17:12;afternoon;supermarket;MCD;0;chips;snacks
3;5;47;cypriota halloumi;1;3,49;3,49;2022-01-15;Saturday;17:12;afternoon;supermarket;MCD;0;cheese;dairy & plant based
3;5;48;bio+ tuinerwten;1;1,75;1,75;2022-01-16;Sunday;17:59;afternoon;supermarket;MCD;1;peas;canned foods
3;5;48;tapas olijven pesto;1;2,29;2,29;2022-01-16;Sunday;17:59;afternoon;supermarket;MCD;1;olives;fruit & vegetables
3;5;48;noten&gr hazeln/spelt reep 3p;1;1,97;1,97;2022-01-16;Sunday;17:59;afternoon;supermarket;MCD;0;nut/fruit bar;breakfast & spreads
3;5;48;halfvolle melk;2;1,17;2,34;2022-01-16;Sunday;17:59;afternoon;supermarket;MCD;0;milk;dairy & plant based
3;5;48;allinson mik bread;1;0,79;0,79;2022-01-16;Sunday;17:59;afternoon;supermarket;MCD;0;bread;bakery
3;5;48;gwoon abrikozen;1;4,67;4,67;2022-01-16;Sunday;17:59;afternoon;supermarket;MCD;0;apricots;canned foods
3;5;48;boer erik breaburn appels;1;1,99;1,99;2022-01-16;Sunday;17:59;afternoon;supermarket;MCD;0;apples;fruit & vegetables
3;6;49;knackworst zav;1;2,59;2,59;2022-01-17;Monday;17:41;afternoon;supermarket;MCD;0;snack sausage;snacks
3;6;49;LIGA HAVERKICK GRANEN AP;1;2,07;2,07;2022-01-17;Monday;17:41;afternoon;supermarket;MCD;0;nut/fruit bar;breakfast & spreads
3;6;49;halfvolle melk;2;1,17;2,34;2022-01-17;Monday;17:41;afternoon;supermarket;MCD;0;milk;dairy & plant based
3;6;49;ice macchiato;1;1,21;1,21;2022-01-17;Monday;17:41;afternoon;supermarket;MCD;0;iced coffee;beverages
3;6;49;inproba gebakken uitjes;1;0,73;0,73;2022-01-17;Monday;17:41;afternoon;supermarket;MCD;0;crispy onions;cooking aids
3;6;49;winterpeen;1;0,21;0,21;2022-01-17;Monday;17:41;afternoon;supermarket;MCD;0;carrots;fruit & vegetables
3;6;49;sperziebonen;1;0,46;0,46;2022-01-17;Monday;17:41;afternoon;supermarket;MCD;0;beans;fruit & vegetables
3;6;50;veg slager rul gehakt;1;2,79;2,79;2022-01-18;Tuesday;17:45;afternoon;supermarket;MCD;0;veggie meat;meat, fish & veggie
3;6;50;tortilla whole wheat ned;1;2,14;2,14;2022-01-18;Tuesday;17:45;afternoon;supermarket;MCD;0;tortilla;bakery
3;6;50;VICTORIA TOMATENPUREE;1;0,30;0,30;2022-01-18;Tuesday;17:45;afternoon;supermarket;MCD;0;tomato paste;canned foods
3;6;50;SM taco seasoning mix;1;0,86;0,86;2022-01-18;Tuesday;17:45;afternoon;supermarket;MCD;0;seasoning mix;cooking aids
3;6;50;IJSBERGSLA;1;1,29;1,29;2022-01-18;Tuesday;17:45;afternoon;supermarket;MCD;0;salad;fruit & vegetables
3;6;50;SAFFRAAN;1;1,33;1,33;2022-01-18;Tuesday;17:45;afternoon;supermarket;MCD;0;saffron;cooking aids
3;6;50;UIEN LOS;1;0,25;0,25;2022-01-18;Tuesday;17:45;afternoon;supermarket;MCD;0;onions;fruit & vegetables
3;6;50;halfvolle melk;1;1,65;1,65;2022-01-18;Tuesday;17:45;afternoon;supermarket;MCD;0;milk;dairy & plant based
3;6;50;1/2 CRISPY MAIS BIO;1;1,70;1,70;2022-01-18;Tuesday;17:45;afternoon;supermarket;MCD;0;mais;canned foods
3;6;50;biologische ei s/m/l 3*B;1;2,69;2,69;2022-01-18;Tuesday;17:45;afternoon;supermarket;MCD;0;eggs;dairy & plant based
3;6;50;ROOMB AMANDEL GEV KOEK;2;0,79;1,58;2022-01-18;Tuesday;17:45;afternoon;supermarket;MCD;0;danish;bakery
3;6;50;BIO+ KOMKOMMER;1;1,49;1,49;2022-01-18;Tuesday;17:45;afternoon;supermarket;MCD;0;cucumber;fruit & vegetables
3;6;50;kookroom 20% UHT;1;0,91;0,91;2022-01-18;Tuesday;17:45;afternoon;supermarket;MCD;0;cream;dairy & plant based
3;6;50;crème fraiche;1;1,45;1,45;2022-01-18;Tuesday;17:45;afternoon;supermarket;MCD;0;cream;dairy & plant based
3;6;50;rivierkreeftjes;1;3,44;3,44;2022-01-18;Tuesday;17:45;afternoon;supermarket;MCD;0;crayfish;meat, fish & veggie
3;6;50;ANTIGEEN TEST COVID;3;3,49;10,47;2022-01-18;Tuesday;17:45;afternoon;supermarket;MCD;0;covid test;care & hygiene
3;6;50;KOKOSBROOD;1;1,41;1,41;2022-01-18;Tuesday;17:45;afternoon;supermarket;MCD;0;coco topping;breakfast & spreads
3;6;50;COOL AMERICAN DORITOS;1;1,61;1,61;2022-01-18;Tuesday;17:45;afternoon;supermarket;MCD;0;chips;snacks
3;6;50;superchips naturel;1;1,71;1,71;2022-01-18;Tuesday;17:45;afternoon;supermarket;MCD;0;chips;snacks
3;6;50;BROOD TARWE HALF;1;1,13;1,13;2022-01-18;Tuesday;17:45;afternoon;supermarket;MCD;0;bread;bakery
3;6;50;EETRIJPE AVOCADO;1;1,29;1,29;2022-01-18;Tuesday;17:45;afternoon;supermarket;MCD;0;avocado;fruit & vegetables
3;6;51;GEDOOGDE MANGO ONGEZOET;1;3,95;3,95;2022-01-22;Saturday;15:24;afternoon;minimarket;De Pers;0;dried mango;nuts, seeds & dried fruit
3;6;52;CIABATTINE AL ROSMARINO;1;2,25;2,25;2022-01-22;Saturday;18:37;evening;minimarket;De Pers;0;sandwiches;bakery
3;6;52;BIO POMPOEN;1;2,08;2,08;2022-01-22;Saturday;18:37;evening;minimarket;De Pers;0;pumpkin;fruit & vegetables
3;6;52;PIJNBOOMPITTEN;1;2,45;2,45;2022-01-22;Saturday;18:37;evening;minimarket;De Pers;0;pine nuts;nuts, seeds & dried fruit
3;6;52;OLIJVEN;1;1,26;1,26;2022-01-22;Saturday;18:37;evening;minimarket;De Pers;0;olives;fruit & vegetables
3;6;52;OESTERZWAMMEN;1;0,90;0,90;2022-01-22;Saturday;18:37;evening;minimarket;De Pers;0;mushrooms;fruit & vegetables
3;6;52;VERSE HALF VOLLE MELK;1;1,15;1,15;2022-01-22;Saturday;18:37;evening;minimarket;De Pers;0;milk;dairy & plant based
3;6;52;KAKIFRUIT;1;1,89;1,89;2022-01-22;Saturday;18:37;evening;minimarket;De Pers;0;kaki fruit;fruit & vegetables
3;6;52;GEDROOGDE MANGO ONGEZOET;1;3,95;3,95;2022-01-22;Saturday;18:37;evening;minimarket;De Pers;0;dried mango;nuts, seeds & dried fruit
3;6;52;PARMEZAANSE KAAS;1;3,08;3,08;2022-01-22;Saturday;18:37;evening;minimarket;De Pers;0;cheese;dairy & plant based
3;6;52;KARDEMOM;1;3,50;3,50;2022-01-22;Saturday;18:37;evening;minimarket;De Pers;0;cardemom;cooking aids
3;6;52;BASILICUM;1;1,50;1,50;2022-01-22;Saturday;18:37;evening;minimarket;De Pers;0;basil;fruit & vegetables
3;6;53;tissuebox original duo;1;3,39;3,39;2022-01-23;Sunday;17:45;afternoon;supermarket;MCD;0;tissues;care & hygiene
3;6;53;MINI RMB ROZIJNENBOLLEN;1;1,99;1,99;2022-01-23;Sunday;17:45;afternoon;supermarket;MCD;0;sandwiches;bakery
3;6;53;halfvolle melk;1;1,17;1,17;2022-01-23;Sunday;17:45;afternoon;supermarket;MCD;0;milk;dairy & plant based
3;6;53;bio melk halfvol UHT;1;1,12;1,12;2022-01-23;Sunday;17:45;afternoon;supermarket;MCD;0;milk;dairy & plant based
3;6;53;PARACETAMOL 120MG;1;2,24;2,24;2022-01-23;Sunday;17:45;afternoon;supermarket;MCD;0;medicine;care & hygiene
3;6;53;BOERENKOOL FIJ;1;1,89;1,89;2022-01-23;Sunday;17:45;afternoon;supermarket;MCD;1;kale;fruit & vegetables
3;6;53;LE RUSTIQUE BRIE;1;2,19;2,19;2022-01-23;Sunday;17:45;afternoon;supermarket;MCD;0;cheese;dairy & plant based
3;6;53;spekreepjes gerookt;1;3,59;3,59;2022-01-23;Sunday;17:45;afternoon;supermarket;MCD;0;bacon;meat, fish & veggie
3;6;54;clipper earl grey;1;3,11;3,11;2022-01-23;Sunday;12:33;noon;supermarket;MCD;0;tea;beverages
3;6;54;1/3 mandarijnen op siroop;1;1,02;1,02;2022-01-23;Sunday;12:33;noon;supermarket;MCD;0;tangerines;fruit & vegetables
3;6;54;cruesli chocolade;1;4,54;4,54;2022-01-23;Sunday;12:33;noon;supermarket;MCD;0;muesli;breakfast & spreads
3;6;54;halfvolle melk;2;1,17;2,34;2022-01-23;Sunday;12:33;noon;supermarket;MCD;0;milk;dairy & plant based
3;6;54;sate ajan met bami goreng;1;4,39;4,39;2022-01-23;Sunday;12:33;noon;supermarket;MCD;0;meal;meat, fish & veggie
3;6;54;ice macchiato;1;1,21;1,21;2022-01-23;Sunday;12:33;noon;supermarket;MCD;0;iced coffee;beverages
3;6;54;biologische ei s/m/l 3*B;1;2,69;2,69;2022-01-23;Sunday;12:33;noon;supermarket;MCD;0;eggs;dairy & plant based
3;6;54;CROISSANTS;1;0,59;0,59;2022-01-23;Sunday;12:33;noon;supermarket;MCD;0;danish;bakery
3;6;54;HAM/KAAS CROISSANT;1;0,89;0,89;2022-01-23;Sunday;12:33;noon;supermarket;MCD;0;danish;bakery
3;6;54;melkan slagroom 35%;1;1,32;1,32;2022-01-23;Sunday;12:33;noon;supermarket;MCD;0;cream;dairy & plant based
3;6;54;antigeen test covid;5;3,49;17,45;2022-01-23;Sunday;12:33;noon;supermarket;MCD;0;covid test;care & hygiene
3;6;54;mix voor boerencake;1;1,01;1,01;2022-01-23;Sunday;12:33;noon;supermarket;MCD;0;cake mix;bakery
3;6;54;ongezouten roomboter;1;2,81;2,81;2022-01-23;Sunday;12:33;noon;supermarket;MCD;0;butter;dairy & plant based
3;6;54;TIJGER TARWE ROND HALF;2;0,74;1,48;2022-01-23;Sunday;12:33;noon;supermarket;MCD;0;bread;bakery
3;6;54;ontbijtspek rond;1;2,12;2,12;2022-01-23;Sunday;12:33;noon;supermarket;MCD;0;bacon;meat, fish & veggie
3;7;55;halfvolle melk;1;1,17;1,17;2022-01-24;Monday;12:51;noon;supermarket;MCD;0;milk;dairy & plant based
3;7;55;henri babi ketjap;1;5,49;5,49;2022-01-24;Monday;12:51;noon;supermarket;MCD;1;meal;meat, fish & veggie
3;7;55;ice macchiato;1;1,21;1,21;2022-01-24;Monday;12:51;noon;supermarket;MCD;0;iced macchiato;beverages
3;7;55;XL FRIKANDELBROODJE;1;1,25;1,25;2022-01-24;Monday;12:51;noon;supermarket;MCD;0;danish;bakery
3;7;56;grote garnalen;1;2,99;2,99;2022-01-24;Monday;17:47;afternoon;supermarket;MCD;0;shrimps;meat, fish & veggie
3;7;56;american pancakes;1;2,09;2,09;2022-01-24;Monday;17:47;afternoon;supermarket;MCD;0;pancakes;bakery
3;7;56;Mayonaise volvet;1;2,32;2,32;2022-01-24;Monday;17:47;afternoon;supermarket;MCD;0;mayonnaise;condiments
3;7;56;1/4 crispy mais bio;1;1,70;1,70;2022-01-24;Monday;17:47;afternoon;supermarket;MCD;0;mais;canned foods
3;7;56;Koopmans Bio Tarwebloem;1;1,90;1,90;2022-01-24;Monday;17:47;afternoon;supermarket;MCD;0;flour;bakery
3;7;56;SPITSKOOL;1;1,89;1,89;2022-01-24;Monday;17:47;afternoon;supermarket;MCD;0;cabbage;fruit & vegetables
3;7;57;clipper thee zen again;1;3,11;3,11;2022-01-25;Tuesday;15:48;afternoon;supermarket;MCD;0;tea;fruit & vegetables
3;7;57;thee kurkuma chai mix;1;2,07;2,07;2022-01-25;Tuesday;15:48;afternoon;supermarket;MCD;0;tea;fruit & vegetables
3;7;57;MANDARIJNEN VERP;1;2,49;2,49;2022-01-25;Tuesday;15:48;afternoon;supermarket;MCD;0;tangerines;fruit & vegetables
3;7;57;halfvolle melk;1;1,65;1,65;2022-01-25;Tuesday;15:48;afternoon;supermarket;MCD;0;milk;dairy & plant based
3;7;57;halfvolle melk;1;1,17;1,17;2022-01-25;Tuesday;15:48;afternoon;supermarket;MCD;0;milk;dairy & plant based
3;7;57;bio melk halfvol UHT;1;1,12;1,12;2022-01-25;Tuesday;15:48;afternoon;supermarket;MCD;0;milk;dairy & plant based
3;7;57;ice macchiato;1;1,21;1,21;2022-01-25;Tuesday;15:48;afternoon;supermarket;MCD;0;iced coffee;beverages
3;7;57;ontbijtkoek gesn volk;1;2,05;2,05;2022-01-25;Tuesday;15:48;afternoon;supermarket;MCD;0;danish;bakery
3;7;57;ROOMB AMANDEL GEV KOEK;2;0,79;1,58;2022-01-25;Tuesday;15:48;afternoon;supermarket;MCD;0;danish;bakery
3;7;57;croky chips paprika;1;1,41;1,41;2022-01-25;Tuesday;15:48;afternoon;supermarket;MCD;0;chips;snacks
3;7;57;scharrel kip krokantschnitzel;1;3,39;3,39;2022-01-25;Tuesday;15:48;afternoon;supermarket;MCD;1;chicken;meat, fish & veggie
3;7;57;kattenb houtkorrels;1;4,95;4,95;2022-01-25;Tuesday;15:48;afternoon;supermarket;MCD;0;cat litter;non-food
3;7;57;mao mix compleet snoep;1;2,98;2,98;2022-01-25;Tuesday;15:48;afternoon;supermarket;MCD;0;candy;snacks
3;7;57;SPERZIEBONEN;1;0,59;0,59;2022-01-25;Tuesday;15:48;afternoon;supermarket;MCD;0;beans;fruit & vegetables
3;7;58;aardbijenyoghurt almhof 500gr;1;1,79;1,79;2022-01-25;Tuesday;17:50;afternoon;supermarket;Albert Heijn;0;yoghurt;dairy & plant based
3;7;58;zeewiersalade;1;2,79;2,79;2022-01-25;Tuesday;17:50;afternoon;supermarket;Albert Heijn;0;seaweed salad;fruit & vegetables
3;7;58;vaatwasblokjes eco AH;1;3,29;3,29;2022-01-25;Tuesday;17:50;afternoon;supermarket;Albert Heijn;0;dishwaser tablets;household
3;7;58;bio komkommer;1;1,19;1,19;2022-01-25;Tuesday;17:50;afternoon;supermarket;Albert Heijn;0;cucumber;fruit & vegetables
3;7;58;chips zeezout-peper AH;1;1,59;1,59;2022-01-25;Tuesday;17:50;afternoon;supermarket;Albert Heijn;0;chips;snacks
3;7;58;rosbief AH;1;1,61;1,61;2022-01-25;Tuesday;17:50;afternoon;supermarket;Albert Heijn;0;charcuterie;meat, fish & veggie
3;7;59;JONGE BLADSLA & RUCOLA;1;1,59;1,59;2022-01-26;Wednesday;17:51;afternoon;supermarket;MCD;0;salad;fruit & vegetables
3;7;59;halfvolle melk;2;1,65;3,30;2022-01-26;Wednesday;17:51;afternoon;supermarket;MCD;0;milk;dairy & plant based
3;7;59;ice macchiato;1;1,21;1,21;2022-01-26;Wednesday;17:51;afternoon;supermarket;MCD;0;iced coffee;beverages
3;7;59;RISTORANTE PIZZA;1;2,38;2,38;2022-01-26;Wednesday;17:51;afternoon;supermarket;MCD;0;frozen pizza;frozen foods
3;7;59;biologische ei s/m/l/ 3*B;1;4,09;4,09;2022-01-26;Wednesday;17:51;afternoon;supermarket;MCD;0;eggs;dairy & plant based
3;7;59;TIJGERTARWE HALF brood;1;1,07;1,07;2022-01-26;Wednesday;17:51;afternoon;supermarket;MCD;0;bread;bakery
3;7;59;CRACOTTES VOLKOREN;1;2,03;2,03;2022-01-26;Wednesday;17:51;afternoon;supermarket;MCD;0;biscuits;bakery
3;7;60;Clean between large tandenstokers;1;4,57;4,57;2022-01-27;Thursday;13:45;noon;supermarket;MCD;0;toothpicks;care & hygiene
3;7;60;100% munt thee;1;2,24;2,24;2022-01-27;Thursday;13:45;noon;supermarket;MCD;0;tea;beverages
3;7;60;aardappelschijfjes;1;0,99;0,99;2022-01-27;Thursday;13:45;noon;supermarket;MCD;0;potatoes;fruit & vegetables
3;7;60;aardappelschijfjes;1;0,79;0,79;2022-01-27;Thursday;13:45;noon;supermarket;MCD;0;potatoes;fruit & vegetables
3;7;60;slagroomsoesjes;1;1,69;1,69;2022-01-27;Thursday;13:45;noon;supermarket;MCD;0;pastry;bakery
3;7;60;halfvolle melk;2;1,65;3,30;2022-01-27;Thursday;13:45;noon;supermarket;MCD;0;milk;dairy & plant based
3;7;60;ice macchiato;1;1,21;1,21;2022-01-27;Thursday;13:45;noon;supermarket;MCD;0;iced coffee;beverages
3;7;60;gegrilde kipwings;2;2,89;5,78;2022-01-27;Thursday;13:45;noon;supermarket;MCD;0;chicken;meat, fish & veggie
3;7;60;TIJGERTARWE HALF;1;1,07;1,07;2022-01-27;Thursday;13:45;noon;supermarket;MCD;0;bread;bakery
3;7;60;1/2 FR SPERZIEB Z FIJN;1;1,75;1,75;2022-01-27;Thursday;13:45;noon;supermarket;MCD;0;beans;fruit & vegetables
3;7;61;arla bio hv milde yogh;1;1,69;1,69;2022-01-28;Friday;12:09;noon;supermarket;MCD;0;yoghurt;dairy & plant based
3;7;61;tomatenblokjes;1;1,25;1,25;2022-01-28;Friday;12:09;noon;supermarket;MCD;0;tomato cubes;canned foods
3;7;61;MANDARIJNEN VERP;1;2,49;2,49;2022-01-28;Friday;12:09;noon;supermarket;MCD;0;tangerines;fruit & vegetables
3;7;61;SPINAZIE CRÈME 750GR;1;1,71;1,71;2022-01-28;Friday;12:09;noon;supermarket;MCD;0;spinnach;fruit & vegetables
3;7;61;slagroomvla vanille;1;1,07;1,07;2022-01-28;Friday;12:09;noon;supermarket;MCD;0;pudding;dairy & plant based
3;7;61;zw olijven zonder pit;1;1,29;1,29;2022-01-28;Friday;12:09;noon;supermarket;MCD;0;olives;fruit & vegetables
3;7;61;arla bio halfvolle melk;2;1,57;3,14;2022-01-28;Friday;12:09;noon;supermarket;MCD;0;milk;dairy & plant based
3;7;61;indiase eiercurry;1;6,99;6,99;2022-01-28;Friday;12:09;noon;supermarket;MCD;0;meal;meat, fish & veggie
3;7;61;LASAGNE;1;2,26;2,26;2022-01-28;Friday;12:09;noon;supermarket;MCD;1;lasagna;meat, fish & veggie
3;7;61;XL frikandelbroodje;1;1,25;1,25;2022-01-28;Friday;12:09;noon;supermarket;MCD;0;danish;bakery
3;7;61;CROISSANTS;2;0,59;1,18;2022-01-28;Friday;12:09;noon;supermarket;MCD;0;danish;bakery
3;7;61;KOFFIE GROVE MALING;1;3,60;3,60;2022-01-28;Friday;12:09;noon;supermarket;MCD;0;coffee;beverages
3;7;61;CHIPS CHEESE ONION;1;1,57;1,57;2022-01-28;Friday;12:09;noon;supermarket;MCD;0;chips;snacks
3;7;61;VVP-Bleu d Auvergne;1;1,00;1,00;2022-01-28;Friday;12:09;noon;supermarket;MCD;0;cheese;dairy & plant based
3;7;62;S. PELLEGRINO MIN WATER;1;1,10;1,10;2022-01-29;Saturday;13:17;noon;supermarket;MCD;0;water;beverages
3;7;62;JUMBOROL TOILETPAPIER;1;2,95;2,95;2022-01-29;Saturday;13:17;noon;supermarket;MCD;0;toilet paper;household
3;7;62;clipper earl grey;1;3,11;3,11;2022-01-29;Saturday;13:17;noon;supermarket;MCD;0;tea;beverages
3;7;62;BOSUIEN;1;0,99;0,99;2022-01-29;Saturday;13:17;noon;supermarket;MCD;0;spring onions;fruit & vegetables
3;7;62;Hollandse garnalen;1;4,89;4,89;2022-01-29;Saturday;13:17;noon;supermarket;MCD;1;shrimps;meat, fish & veggie
3;7;62;halfvolle melk;1;1,21;1,21;2022-01-29;Saturday;13:17;noon;supermarket;MCD;0;milk;dairy & plant based
3;7;62;Fanta peach;1;1,39;1,39;2022-01-29;Saturday;13:17;noon;supermarket;MCD;0;lemonade;beverages
3;7;62;siroop ijsthee perzik;1;3,43;3,43;2022-01-29;Saturday;13:17;noon;supermarket;MCD;0;iced tea;beverages
3;7;62;tijgertarwe half brood;1;1,07;1,07;2022-01-29;Saturday;13:17;noon;supermarket;MCD;0;bread;bakery
3;7;63;rijstwafels cheese;1;1,91;1,91;2022-01-29;Saturday;17:48;afternoon;supermarket;MCD;0;rice cakes;snacks
3;7;63;PUDDING;1;1,59;1,59;2022-01-29;Saturday;17:48;afternoon;supermarket;MCD;0;pudding;dairy & plant based
3;7;63;AARDAPPEL VASTKOKEND BIO;1;2,19;2,19;2022-01-29;Saturday;17:48;afternoon;supermarket;MCD;0;potatoes;fruit & vegetables
3;7;63;arla bio halfvolle melk;1;1,57;1,57;2022-01-29;Saturday;17:48;afternoon;supermarket;MCD;0;milk;dairy & plant based
3;7;63;GAVISCON ANIJS;1;7,89;7,89;2022-01-29;Saturday;17:48;afternoon;supermarket;MCD;0;medicine;care & hygiene
3;7;63;1/4 CRISPY MAIS BIO;1;1,70;1,70;2022-01-29;Saturday;17:48;afternoon;supermarket;MCD;0;mais;canned foods
3;7;63;italiaanse salade;1;2,00;2,00;2022-01-29;Saturday;17:48;afternoon;supermarket;MCD;1;lunch salad;fruit & vegetables
3;7;63;EUROSALAD RODE BIETEN;1;2,00;2,00;2022-01-29;Saturday;17:48;afternoon;supermarket;MCD;1;lunch salad;fruit & vegetables
3;7;63;SALADE WALFORF;1;2,00;2,00;2022-01-29;Saturday;17:48;afternoon;supermarket;MCD;1;lunch salad;fruit & vegetables
3;7;63;gerookte makreel heel;1;3,49;3,49;2022-01-29;Saturday;17:48;afternoon;supermarket;MCD;0;fish;meat, fish & veggie
3;7;63;tex mex salsa dip med;1;1,91;1,91;2022-01-29;Saturday;17:48;afternoon;supermarket;MCD;0;dip;condiments
3;7;63;antigeen test covid;4;3,49;13,96;2022-01-29;Saturday;17:48;afternoon;supermarket;MCD;0;covid tests;care & hygiene
3;7;63;superchips naturel;1;1,71;1,71;2022-01-29;Saturday;17:48;afternoon;supermarket;MCD;0;chips;snacks
3;7;63;GEKOOKTE GELDERSE WORST;1;1,43;1,43;2022-01-29;Saturday;17:48;afternoon;supermarket;MCD;0;charcuterie;meat, fish & veggie
3;7;63;MINICRACKER NATUREL;1;1,61;1,61;2022-01-29;Saturday;17:48;afternoon;supermarket;MCD;0;biscuits;bakery
3;7;63;FAIR TRADE BANANEN;1;1,93;1,93;2022-01-29;Saturday;17:48;afternoon;supermarket;MCD;0;bananas;fruit & vegetables
3;7;64;halfvolle melk;1;1,21;1,21;2022-01-29;Saturday;13:25;noon;supermarket;MCD;0;milk;dairy & plant based
3;7;64;kaascroissant;2;0,89;1,78;2022-01-29;Saturday;13:25;noon;supermarket;MCD;0;danish;bakery
3;7;64;CROISSANTS;1;0,59;0,59;2022-01-29;Saturday;13:25;noon;supermarket;MCD;0;danish;bakery
3;7;64;BRINTA CLASSIC volkoren graanontbijt;1;2,01;2,01;2022-01-29;Saturday;13:25;noon;supermarket;MCD;0;cereal;breakfast & spreads
3;7;65;tonijnstuk water NSC 3P;1;3,05;3,05;2022-01-30;Sunday;17:48;afternoon;supermarket;MCD;0;tuna;canned foods
3;7;65;NORI;1;2,53;2,53;2022-01-30;Sunday;17:48;afternoon;supermarket;MCD;0;seaweed;fruit & vegetables
3;7;65;ciabatta broodjes 4st;1;1,85;1,85;2022-01-30;Sunday;17:48;afternoon;supermarket;MCD;0;sandwiches;bakery
3;7;65;KROP SLA MELANGE;1;1,89;1,89;2022-01-30;Sunday;17:48;afternoon;supermarket;MCD;0;salad;fruit & vegetables
3;7;65;BIO+ POMPOEN;1;2,99;2,99;2022-01-30;Sunday;17:48;afternoon;supermarket;MCD;0;pumpkin;fruit & vegetables
3;7;65;Muffin Chunk 2*90gr;1;1,99;1,99;2022-01-30;Sunday;17:48;afternoon;supermarket;MCD;0;pastry;bakery
3;7;65;PORTOBELLO;1;1,99;1,99;2022-01-30;Sunday;17:48;afternoon;supermarket;MCD;0;mushrooms;fruit & vegetables
3;7;65;cruesli LE COOKIES&CREAM;1;3,32;3,32;2022-01-30;Sunday;17:48;afternoon;supermarket;MCD;0;muesli;breakfast & spreads
3;7;65;halfvolle melk;2;1,65;3,30;2022-01-30;Sunday;17:48;afternoon;supermarket;MCD;0;milk;dairy & plant based
3;7;65;ice macchiato;1;1,21;1,21;2022-01-30;Sunday;17:48;afternoon;supermarket;MCD;0;iced coffee;beverages
3;7;65;BIO+ KOMKOMMER;1;1,49;1,49;2022-01-30;Sunday;17:48;afternoon;supermarket;MCD;0;cucumber;fruit & vegetables
3;7;65;gouda jong 48+;1;5,75;5,75;2022-01-30;Sunday;17:48;afternoon;supermarket;MCD;0;cheese;dairy & plant based
3;7;65;rosbief naturel;1;2,99;2,99;2022-01-30;Sunday;17:48;afternoon;supermarket;MCD;0;charcuterie;meat, fish & veggie
3;7;65;SPERZIEBONEN;1;0,64;0,64;2022-01-30;Sunday;17:48;afternoon;supermarket;MCD;0;beans;fruit & vegetables
3;7;65;EETRIJPE AVOCADO;1;1,29;1,29;2022-01-30;Sunday;17:48;afternoon;supermarket;MCD;0;avocado;fruit & vegetables
3;8;66;JAVAFOOD SPEKKOEK PANDAN;1;2,35;2,35;2022-01-31;Monday;12:27;noon;supermarket;MCD;0;pastry;bakery
3;8;66;halfvolle melk;2;1,21;2,42;2022-01-31;Monday;12:27;noon;supermarket;MCD;0;milk;dairy & plant based
3;8;66;masala spinazie paneer;1;6,99;6,99;2022-01-31;Monday;12:27;noon;supermarket;MCD;0;meal;meat, fish & veggie
3;8;66;XL frikandelbroodje;1;1,25;1,25;2022-01-31;Monday;12:27;noon;supermarket;MCD;0;danish;bakery
3;8;67;KRENTEN 250GR;1;0,93;0,93;2022-01-31;Monday;12:27;noon;minimarket;De Pers;0;raisins;nuts, seeds & dried fruit
3;8;67;KAKIFRUIT;1;1,89;1,89;2022-01-31;Monday;12:27;noon;minimarket;De Pers;0;kaki fruit;fruit & vegetables
3;8;67;GEDOOGDE MANGO ONGEZOET;1;3,95;3,95;2022-01-31;Monday;12:27;noon;minimarket;De Pers;0;dried mango;nuts, seeds & dried fruit
3;8;67;ROZIJNEN CHOCOLADE;1;1,23;1,23;2022-01-31;Monday;12:27;noon;minimarket;De Pers;0;chocolate raisins;snacks
3;8;68;cruesli chocolade;1;4,54;4,54;2022-02-01;Tuesday;12:46;noon;supermarket;MCD;0;muesli;breakfast & spreads
3;8;68;halfvolle melk;2;1,21;2,42;2022-02-01;Tuesday;12:46;noon;supermarket;MCD;0;milk;dairy & plant based
3;8;68;BAMI RAMES;1;5,29;5,29;2022-02-01;Tuesday;12:46;noon;supermarket;MCD;0;meal;meat, fish & veggie
3;8;68;antigeen test covid;2;3,49;6,98;2022-02-01;Tuesday;12:46;noon;supermarket;MCD;0;covid test;care & hygiene
3;8;68;ongezouten boter;1;2,81;2,81;2022-02-01;Tuesday;12:46;noon;supermarket;MCD;0;butter;dairy & plant based
3;8;69;COURGETTE;1;1,59;1,59;2022-02-01;Tuesday;17:24;afternoon;supermarket;MCD;0;zucchini;fruit & vegetables
3;8;69;roomyoghurt passion peach;1;1,75;1,75;2022-02-01;Tuesday;17:24;afternoon;supermarket;MCD;0;yoghurt;dairy & plant based
3;8;69;SNOEPTOMAAT EMMER;1;2,99;2,99;2022-02-01;Tuesday;17:24;afternoon;supermarket;MCD;0;tomatoes;fruit & vegetables
3;8;69;tissuebox original duo;1;3,39;3,39;2022-02-01;Tuesday;17:24;afternoon;supermarket;MCD;0;tissues;care & hygiene
3;8;69;clipper earl grey;1;3,11;3,11;2022-02-01;Tuesday;17:24;afternoon;supermarket;MCD;0;tea;beverages
3;8;69;pijnboompitten;1;4,99;4,99;2022-02-01;Tuesday;17:24;afternoon;supermarket;MCD;0;pine nuts;nuts, seeds & dried fruit
3;8;69;groene olijven knoflook;1;1,99;1,99;2022-02-01;Tuesday;17:24;afternoon;supermarket;MCD;0;olives;fruit & vegetables
3;8;69;halfvolle melk;1;1,21;1,21;2022-02-01;Tuesday;17:24;afternoon;supermarket;MCD;0;milk;dairy & plant based
3;8;69;ice macchiato;1;1,21;1,21;2022-02-01;Tuesday;17:24;afternoon;supermarket;MCD;0;iced coffee;beverages
3;8;69;mini boterkoekjes 2st;1;1,79;1,79;2022-02-01;Tuesday;17:24;afternoon;supermarket;MCD;0;danish;bakery
3;8;69;tijgertarwe half;1;1,07;1,07;2022-02-01;Tuesday;17:24;afternoon;supermarket;MCD;0;bread;bakery
3;8;69;SPERZIEBONEN;1;0,66;0,66;2022-02-01;Tuesday;17:24;afternoon;supermarket;MCD;0;beans;fruit & vegetables
3;8;69;BASILICUM;1;1,49;1,49;2022-02-01;Tuesday;17:24;afternoon;supermarket;MCD;0;basil;fruit & vegetables
3;8;70;SIZ tomaat crème nasc soup;1;2,98;2,98;2022-02-02;Wednesday;12:36;noon;supermarket;MCD;0;soup;canned foods
3;8;70;LIGA HAVERKOEK BOSVRUCHT;1;1,99;1,99;2022-02-02;Wednesday;12:36;noon;supermarket;MCD;0;nut/fruit bar;breakfast & spreads
3;8;70;fruitbiscuit appel;1;2,01;2,01;2022-02-02;Wednesday;12:36;noon;supermarket;MCD;0;nut/fruit bar;breakfast & spreads
3;8;70;halfvolle melk;1;1,65;1,65;2022-02-02;Wednesday;12:36;noon;supermarket;MCD;0;milk;dairy & plant based
3;8;70;halfvolle melk;1;1,21;1,21;2022-02-02;Wednesday;12:36;noon;supermarket;MCD;0;milk;dairy & plant based
3;8;70;garnalen salade;1;2,29;2,29;2022-02-02;Wednesday;12:36;noon;supermarket;MCD;0;lunch salad;fruit & vegetables
3;8;70;CHIPS CHEESE ONION;1;1,57;1,57;2022-02-02;Wednesday;12:36;noon;supermarket;MCD;0;chips;snacks
3;8;70;BLUE STILTON;1;3,18;3,18;2022-02-02;Wednesday;12:36;noon;supermarket;MCD;0;cheese;dairy & plant based
3;8;71;SM taco seasoning mix;1;0,96;0,96;2022-02-03;Thursday;17:56;afternoon;supermarket;MCD;0;seasoning mix;cooking aids
3;8;71;VANILLE VLA;1;1,41;1,41;2022-02-03;Thursday;17:56;afternoon;supermarket;MCD;0;pudding;dairy & plant based
3;8;71;OAT DREAM GLUTENVRIJ;1;2,34;2,34;2022-02-03;Thursday;17:56;afternoon;supermarket;MCD;0;oat milk;dairy & plant based
3;8;71;halfvolle melk;2;1,21;2,42;2022-02-03;Thursday;17:56;afternoon;supermarket;MCD;0;milk;dairy & plant based
3;8;71;1/4 CRISPY MAIS BIO;1;1,70;1,70;2022-02-03;Thursday;17:56;afternoon;supermarket;MCD;0;mais;canned foods
3;8;71;ice macchiato;1;1,21;1,21;2022-02-03;Thursday;17:56;afternoon;supermarket;MCD;0;iced coffee;beverages
3;8;71;aardbei avontuurtje ijs;1;1,40;1,40;2022-02-03;Thursday;17:56;afternoon;supermarket;MCD;0;ice cream;frozen foods
3;8;71;tomatenblokjes;1;1,25;1,25;2022-02-03;Thursday;17:56;afternoon;supermarket;MCD;0;diced tomatoes;canned foods
3;8;71;crème fraiche ;1;1,33;1,33;2022-02-03;Thursday;17:56;afternoon;supermarket;MCD;0;cream;dairy & plant based
3;8;71;HAK bruine bonen;2;1,51;3,02;2022-02-03;Thursday;17:56;afternoon;supermarket;MCD;0;beans;canned foods
3;8;71;1/3 RODE KIDNEYBONEN;1;1,60;1,60;2022-02-03;Thursday;17:56;afternoon;supermarket;MCD;0;beans;canned foods
3;8;71;FAIR TRADE BANANEN;1;1,74;1,74;2022-02-03;Thursday;17:56;afternoon;supermarket;MCD;0;bananas;fruit & vegetables
3;8;71;EETRIJPE AVOCADO;1;1,29;1,29;2022-02-03;Thursday;17:56;afternoon;supermarket;MCD;0;avocado;fruit & vegetables
3;8;72;RUCOLA SLA MELANGE;1;1,29;1,29;2022-02-04;Friday;18:26;evening;supermarket;MCD;0;salad;fruit & vegetables
3;8;72;BOTERKOEKBLOKJES;1;3,89;3,89;2022-02-04;Friday;18:26;evening;supermarket;MCD;1;pastry;bakery
3;8;72;halfvolle melk;2;1,21;2,42;2022-02-04;Friday;18:26;evening;supermarket;MCD;0;milk;dairy & plant based
3;8;72;fanta strawberry;1;1,33;1,33;2022-02-04;Friday;18:26;evening;supermarket;MCD;0;lemonade;beverages
3;8;72;antigeen test covid;2;3,49;6,98;2022-02-04;Friday;18:26;evening;supermarket;MCD;0;covid test;care & hygiene
3;8;72;Bio kipdijfilet;1;3,71;3,71;2022-02-04;Friday;18:26;evening;supermarket;MCD;0;chicken;meat, fish & veggie
3;8;72;SPITSKOOL;1;1,59;1,59;2022-02-04;Friday;18:26;evening;supermarket;MCD;0;cabbage;fruit & vegetables
3;8;72;BROOD TARWE HALF;1;1,13;1,13;2022-02-04;Friday;18:26;evening;supermarket;MCD;0;bread;bakery
3;8;72;BACON;1;2,47;2,47;2022-02-04;Friday;18:26;evening;supermarket;MCD;0;bacon;meat, fish & veggie
3;8;72;ASPERGES;1;4,99;4,99;2022-02-04;Friday;18:26;evening;supermarket;MCD;0;asparagus;fruit & vegetables
3;8;73;arla bio hv milde yogh;1;1,69;1,69;2022-02-05;Saturday;17:57;afternoon;supermarket;MCD;0;yoghurt;dairy & plant based
3;8;73;clean between sticks tandenstokers;1;4,57;4,57;2022-02-05;Saturday;17:57;afternoon;supermarket;MCD;0;toothpicks;care & hygiene
3;8;73;clipper earl grey;1;3,11;3,11;2022-02-05;Saturday;17:57;afternoon;supermarket;MCD;0;tea;beverages
3;8;73;SIZ tomaat crème masc soep;1;2,98;2,98;2022-02-05;Saturday;17:57;afternoon;supermarket;MCD;0;soup;canned foods
3;8;73;IJSBERG SLA MELANGE;1;0,99;0,99;2022-02-05;Saturday;17:57;afternoon;supermarket;MCD;1;salad;fruit & vegetables
3;8;73;hazelnootpasta & vanille;1;2,57;2,57;2022-02-05;Saturday;17:57;afternoon;supermarket;MCD;0;nut spread;breakfast & spreads
3;8;73;halfvolle melk;1;1,21;1,21;2022-02-05;Saturday;17:57;afternoon;supermarket;MCD;0;milk;dairy & plant based
3;8;73;ice macchiato;1;1,21;1,21;2022-02-05;Saturday;17:57;afternoon;supermarket;MCD;0;iced coffee;beverages
3;8;73;NON-KOMO HUISVUILZAK;1;1,18;1,18;2022-02-05;Saturday;17:57;afternoon;supermarket;MCD;0;garbage bags;household
3;8;73;HUISVUILZAK+TREKBAND;1;1,87;1,87;2022-02-05;Saturday;17:57;afternoon;supermarket;MCD;0;garbage bags;household
3;8;73;biologische ei s/m/l 3*B;1;4,09;4,09;2022-02-05;Saturday;17:57;afternoon;supermarket;MCD;0;eggs;dairy & plant based
3;8;73;FAIR TRADE BANANEN;1;1,31;1,31;2022-02-05;Saturday;17:57;afternoon;supermarket;MCD;0;bananas;fruit & vegetables
3;8;74;digestive melk;1;1,75;1,75;2022-02-06;Sunday;17:10;afternoon;supermarket;MCD;0;koekjes;bakery
3;8;74;COLOR-RADO snoep;1;3,95;3,95;2022-02-06;Sunday;17:10;afternoon;supermarket;MCD;0;candy;snacks
3;8;74;Gwoon abrikozen;1;4,67;4,67;2022-02-06;Sunday;17:10;afternoon;supermarket;MCD;0;apricots;canned foods
3;8;75;COURGETTE GROEN;1;1,19;1,19;2022-02-06;Sunday;17:35;afternoon;supermarket;MCD;0;zucchini;fruit & vegetables
3;8;75;roomyoghurt double vanille;1;1,75;1,75;2022-02-06;Sunday;17:35;afternoon;supermarket;MCD;0;yoghurt;dairy & plant based
3;8;75;zonnebloemolie;1;3,11;3,11;2022-02-06;Sunday;17:35;afternoon;supermarket;MCD;0;sunflour oil;cooking aids
3;8;75;sla ongewassen babyspinazie;1;1,79;1,79;2022-02-06;Sunday;17:35;afternoon;supermarket;MCD;0;spinach;fruit & vegetables
3;8;75;cherry bouquet soft drink;1;0,79;0,79;2022-02-06;Sunday;17:35;afternoon;supermarket;MCD;0;soft drink;beverages
3;8;75;warmgerookte zalmnoot;1;3,99;3,99;2022-02-06;Sunday;17:35;afternoon;supermarket;MCD;0;salmon;meat, fish & veggie
3;8;75;olijfolie extra vierge;1;4,99;4,99;2022-02-06;Sunday;17:35;afternoon;supermarket;MCD;0;olive oil;cooking aids
3;8;75;halfvolle melk;1;1,21;1,21;2022-02-06;Sunday;17:35;afternoon;supermarket;MCD;0;milk;dairy & plant based
3;8;75;ice macchiato;1;1,21;1,21;2022-02-06;Sunday;17:35;afternoon;supermarket;MCD;0;iced coffee;beverages
3;8;75;gyoza;1;5,15;5,15;2022-02-06;Sunday;17:35;afternoon;supermarket;MCD;0;gyoza;frozen foods
3;8;75;KOMKOMMER;1;0,99;0,99;2022-02-06;Sunday;17:35;afternoon;supermarket;MCD;0;cucumber;fruit & vegetables
3;8;75;BROCCOLI;1;1,39;1,39;2022-02-06;Sunday;17:35;afternoon;supermarket;MCD;0;broccoli;fruit & vegetables
3;8;75;JONAGOLD APPEL;1;1,99;1,99;2022-02-06;Sunday;17:35;afternoon;supermarket;MCD;0;apple;fruit & vegetables
4;1;1;BONI Exotic Fruit mix 250g;1;2,49;2,49;2021-11-16;Tuesday;10:51;morning;supermarket;Okay;0;dried fruit;nuts, seeds & dried fruit
4;1;1;Boni dadels gedroogd 400g;1;3,67;3,67;2021-11-16;Tuesday;10:51;morning;supermarket;Okay;0;dried fruit;nuts, seeds & dried fruit
4;1;1;Brood boeren grof 800g;2;1,49;2,98;2021-11-16;Tuesday;10:51;morning;supermarket;Okay;0;bread;bakery
4;1;1;TONISSTEINER Limonade Orange Fit 33cl;6;0,79;4,74;2021-11-16;Tuesday;10:51;morning;supermarket;Okay;0;soft drink;beverages
4;1;1;BONI plat water 1,5l;18;0,38;6,75;2021-11-16;Tuesday;10:51;morning;supermarket;Okay;0;water;beverages
4;1;1;BONI volle melk 50cl;6;0,50;2,99;2021-11-16;Tuesday;10:51;morning;supermarket;Okay;0;milk;dairy & plant based
4;1;1;JOYVALLE halfvolle AA melk brik 1L;12;1,15;13,80;2021-11-16;Tuesday;10:51;morning;supermarket;Okay;0;milk;dairy & plant based
4;1;1;BONI speculoospasta creamy 400g;1;1,39;1,39;2021-11-16;Tuesday;10:51;morning;supermarket;Okay;0;biscoff spread;breakfast & spreads
4;1;1;BONI koeken orangicake 300g;1;0,99;0,99;2021-11-16;Tuesday;10:51;morning;supermarket;Okay;0;cookies;snacks
4;1;1;OK TIJDSCHRIJFT Libelle+Flair;1;6,35;6,35;2021-11-16;Tuesday;10:51;morning;supermarket;Okay;0;magazine;non-food
4;1;1;WIN FOR LIFE 3,00 1st;2;3,00;6,00;2021-11-16;Tuesday;10:51;morning;supermarket;Okay;0;lottery ticket;non-food
4;1;1;PAPILLON bananen 0,328kg;1;0,65;0,65;2021-11-16;Tuesday;10:51;morning;supermarket;Okay;0;bananas;fruit & vegetables
4;1;2;BIEFSTUK Basile;1;17,22;17,22;2021-11-17;Wednesday;11:27;morning;butcher;Basile;0;beef;meat, fish & veggie
4;1;2;Hoevekonijn;1;20,16;20,16;2021-11-17;Wednesday;11:27;morning;butcher;Basile;0;rabbit;meat, fish & veggie
4;1;2;Hoevekip;1;21,39;21,39;2021-11-17;Wednesday;11:27;morning;butcher;Basile;0;chicken;meat, fish & veggie
4;1;2;Hamburger;1;5,13;5,13;2021-11-17;Wednesday;11:27;morning;butcher;Basile;0;hamburger;meat, fish & veggie
4;1;2;Bloedworst;1;2,19;2,19;2021-11-17;Wednesday;11:27;morning;butcher;Basile;0;sausage;meat, fish & veggie
4;1;3;CAR gember;1;1,69;1,69;2021-11-19;Wednesday;14:15;afternoon;supermarket;Carrefour;0;ginger;fruit & vegetables
4;1;3;CAR BIO prunea 200;1;2,29;2,29;2021-11-19;Wednesday;14:15;afternoon;supermarket;Carrefour;0;prunes;fruit & vegetables
4;1;3;GOUDA belegen300;1;3,19;3,19;2021-11-19;Wednesday;14:15;afternoon;supermarket;Carrefour;0;cheese;dairy & plant based
4;1;3;CHIMAY boter 250g ;1;3,49;3,49;2021-11-19;Wednesday;14:15;afternoon;supermarket;Carrefour;1;butter;dairy & plant based
4;1;3;ROCHEFORT Trip. 33C;1;1,74;1,74;2021-11-19;Wednesday;14:15;afternoon;supermarket;Carrefour;0;beer;beverages
4;1;3;CAR azijn 37CL;1;0,55;0,55;2021-11-19;Wednesday;14:15;afternoon;supermarket;Carrefour;0;vinegar;cooking aids
4;1;3;BUTTERNUT;1;1,31;1,31;2021-11-19;Wednesday;14:15;afternoon;supermarket;Carrefour;0;pumpkin;fruit & vegetables
4;2;4;PASTOORMUTS;1;5,20;5,20;2021-11-24;Wednesday;17:10;afternoon;supermarket;Carrefour;0;pastry;bakery
4;2;4;BIO WITLOOF 500G;1;2,69;2,69;2021-11-24;Wednesday;17:10;afternoon;supermarket;Carrefour;0;chicory;fruit & vegetables
4;2;4;CAR GOUDA 300G;1;3,39;3,39;2021-11-24;Wednesday;17:10;afternoon;supermarket;Carrefour;0;cheese;dairy & plant based
4;2;4;CAR CITROENEN 500G;1;1,39;1,39;2021-11-24;Wednesday;17:10;afternoon;supermarket;Carrefour;0;lemons;fruit & vegetables
4;2;4;CAR MILD VAC 250GR;4;1,90;7,60;2021-11-24;Wednesday;17:10;afternoon;supermarket;Carrefour;0;coffee;beverages
4;2;4;VIERKANT BROOD VAC 250G;1;1,50;1,50;2021-11-24;Wednesday;17:10;afternoon;supermarket;Carrefour;0;bread;bakery
4;2;4;C'OR DUBBEL NOTEN;1;3,05;3,05;2021-11-24;Wednesday;17:10;afternoon;supermarket;Carrefour;0;chocolate;snacks
4;2;4;BROCCOLI 500G;1;0,99;0,99;2021-11-24;Wednesday;17:10;afternoon;supermarket;Carrefour;0;broccoli;fruit & vegetables
4;2;4;CHAMPIGNONS 250G PROMO;2;0,99;1,98;2021-11-24;Wednesday;17:10;afternoon;supermarket;Carrefour;0;mushrooms;fruit & vegetables
4;2;4;RUSTIQUE CAM 250G;1;1,80;1,80;2021-11-24;Wednesday;17:10;afternoon;supermarket;Carrefour;0;cheese;dairy & plant based
4;2;4;SIMP PANNEKOEKEN;1;1,09;1,09;2021-11-24;Wednesday;17:10;afternoon;supermarket;Carrefour;0;pancakes;bakery
4;2;4;ASC KKC ZALMHAAS;1;4,88;4,88;2021-11-24;Wednesday;17:10;afternoon;supermarket;Carrefour;0;salmon;meat, fish & veggie
4;2;5;Bananentaart;1;10,80;10,80;2021-11-28;Sunday;10:10;morning;bakery;Dominique;0;pastry;bakery
4;3;6;WORTELEN 2 KG;1;1,00;1,00;2021-12-02;Thursday;14:34;afternoon;supermarket;Carrefour;0;carrots;fruit & vegetables
4;3;6;RANOBO SPAANSE VIJ;1;3,81;3,81;2021-12-02;Thursday;14:34;afternoon;supermarket;Carrefour;0;dried fruit;nuts, seeds & dried fruit
4;3;6;CAR ERWTEN 3X200GR;1;1,65;1,65;2021-12-02;Thursday;14:34;afternoon;supermarket;Carrefour;0;peas;canned foods
4;3;6;NAZARETH. LIGHT 15%;1;3,47;3,47;2021-12-02;Thursday;14:34;afternoon;supermarket;Carrefour;0;cheese;dairy & plant based
4;3;6;DREFT ULT. CARE BLUE;1;4,95;4,95;2021-12-02;Thursday;14:34;afternoon;supermarket;Carrefour;0;laundry detergent;household
4;3;6;ROZIJNENBROOD 300G;1;2,35;2,35;2021-12-02;Thursday;14:34;afternoon;supermarket;Carrefour;0;bread;bakery
4;3;6;HG SPRAY TOILET;1;2,80;2,80;2021-12-02;Thursday;14:34;afternoon;supermarket;Carrefour;0;toiletspray;household
4;3;6;TIENEN 250G;1;0,65;0,65;2021-12-02;Thursday;14:34;afternoon;supermarket;Carrefour;0;icing sugar;bakery
4;3;6;TWIX SALTED CARAME;1;2,96;2,96;2021-12-02;Thursday;14:34;afternoon;supermarket;Carrefour;0;chocolate;snacks
4;3;6;CLEMENTINES 1,5KG;1;4,99;4,99;2021-12-02;Thursday;14:34;afternoon;supermarket;Carrefour;0;clementines;fruit & vegetables
4;3;6;CAR GRIEK YOG 4X15;1;1,79;1,79;2021-12-02;Thursday;14:34;afternoon;supermarket;Carrefour;0;yoghurt;dairy & plant based
4;3;6;MERVEILLEUX 2ST;1;4,30;4,30;2021-12-02;Thursday;14:34;afternoon;supermarket;Carrefour;0;pastry;bakery
4;3;6;BULK PASTINAAK;1;0,63;0,63;2021-12-02;Thursday;14:34;afternoon;supermarket;Carrefour;0;parsnip;fruit & vegetables
4;3;6;SIMPL SUIKER 1KG;1;0,98;0,98;2021-12-02;Thursday;14:34;afternoon;supermarket;Carrefour;0;sugar;bakery
4;3;6;CAR VIJGENCONFITUU;1;1,55;1,55;2021-12-02;Thursday;14:34;afternoon;supermarket;Carrefour;0;jam;breakfast & spreads
4;3;6;BE SPEC PASTA 40G;1;1,99;1,99;2021-12-02;Thursday;14:34;afternoon;supermarket;Carrefour;0;biscoff spread;breakfast & spreads
4;3;6;WITLOOF;1;0,96;0,96;2021-12-02;Thursday;14:34;afternoon;supermarket;Carrefour;0;chicory;fruit & vegetables
4;3;6;KKC KAKI;1;0,65;0,65;2021-12-02;Thursday;14:34;afternoon;supermarket;Carrefour;0;kaki;fruit & vegetables
4;3;6;PEER CONFERENCE;1;1,69;1,69;2021-12-02;Thursday;14:34;afternoon;supermarket;Carrefour;0;pears;fruit & vegetables
4;4;7;MERCI HART 250G;1;3,99;3,99;2021-12-09;Thursday;13:45;noon;supermarket;Carrefour;0;chocolate;snacks
4;4;7;EVERZWIJNRAGOUT;1;9,84;9,84;2021-12-09;Thursday;13:45;noon;supermarket;Carrefour;0;wild meat;meat, fish & veggie
4;4;7;EVERZWIJNRAGOUT;1;9,87;9,87;2021-12-09;Thursday;13:45;noon;supermarket;Carrefour;0;wild meat;meat, fish & veggie
4;4;7;EVERZWIJNRAGOUT;1;10,12;10,12;2021-12-09;Thursday;13:45;noon;supermarket;Carrefour;0;wild meat;meat, fish & veggie
4;4;7;ZONIN LAMBRUSCO 75;1;3,99;3,99;2021-12-09;Thursday;13:45;noon;supermarket;Carrefour;0;wine;beverages
4;4;7;DELICATESSE BROOD;1;2,50;2,50;2021-12-09;Thursday;13:45;noon;supermarket;Carrefour;0;bread;bakery
4;4;7;SIMPL FRIETEN 2,5K;1;1,89;1,89;2021-12-09;Thursday;13:45;noon;supermarket;Carrefour;0;french fries;frozen foods
4;4;7;SIMPL SCHAR EI X12;1;1,35;1,35;2021-12-09;Thursday;13:45;noon;supermarket;Carrefour;0;eggs;dairy & plant based
4;4;7;CRÈME PATE 170G;1;1,19;1,19;2021-12-09;Thursday;13:45;noon;supermarket;Carrefour;0;paté;meat, fish & veggie
4;4;7;CROUTE BRESIL X2;1;4,05;4,05;2021-12-09;Thursday;13:45;noon;supermarket;Carrefour;1;pastry;bakery
4;4;7;KKC ZALMPAVE M/VEL ;2;5,00;10,00;2021-12-09;Thursday;13:45;noon;supermarket;Carrefour;0;salmon;meat, fish & veggie
4;4;7;IJSB ASTORIA 750ML;1;4,55;4,55;2021-12-09;Thursday;13:45;noon;supermarket;Carrefour;0;icecake;frozen foods
4;4;7;AMORA MOSTERD 440G;1;2,09;2,09;2021-12-09;Thursday;13:45;noon;supermarket;Carrefour;0;mustard;condiments
4;4;7;FORGIO GERAP KAAS;1;0,55;0,55;2021-12-09;Thursday;13:45;noon;supermarket;Carrefour;0;cheese;dairy & plant based
4;4;7;COURGETTEN;1;0,77;0,77;2021-12-09;Thursday;13:45;noon;supermarket;Carrefour;0;zucchini;fruit & vegetables
4;4;7;LACROX F. RUND;1;3,95;3,95;2021-12-09;Thursday;13:45;noon;supermarket;Carrefour;0;beef;meat, fish & veggie
4;4;7;SIMPL ROOM 30% 20C;2;0,49;0,98;2021-12-09;Thursday;13:45;noon;supermarket;Carrefour;0;cream;dairy & plant based
4;4;7;VELDSLA 150G;1;1,89;1,89;2021-12-09;Thursday;13:45;noon;supermarket;Carrefour;0;salad;fruit & vegetables
4;4;7;CAR RICOTTA 250G;1;0,89;0,89;2021-12-09;Thursday;13:45;noon;supermarket;Carrefour;0;cream cheese;dairy & plant based
4;4;7;KAASROL 2X160G;1;4,00;4,00;2021-12-09;Thursday;13:45;noon;supermarket;Carrefour;0;cheese;dairy & plant based
4;4;7;CAR ANANAS SAP 1L;2;2,65;5,30;2021-12-09;Thursday;13:45;noon;supermarket;Carrefour;0;pineapple;fruit & vegetables
4;4;7;WP GERASPTE KAAS;1;2,89;2,89;2021-12-09;Thursday;13:45;noon;supermarket;Carrefour;0;cheese;dairy & plant based
4;4;7;RANSON MARSEP 125G;1;2,50;2,50;2021-12-09;Thursday;13:45;noon;supermarket;Carrefour;0;marzipan;snacks
4;4;7;KKC BELG GOUDA ;1;2,25;2,25;2021-12-09;Thursday;13:45;noon;supermarket;Carrefour;0;cheese;dairy & plant based
4;4;7;POMPOEN;1;1,19;1,19;2021-12-09;Thursday;13:45;noon;supermarket;Carrefour;0;pumpkin;fruit & vegetables
4;4;7;KNORR FOND WILD BO;1;2,96;2,96;2021-12-09;Thursday;13:45;noon;supermarket;Carrefour;0;game stock;cooking aids
4;4;7;CAR MAYO SQ 465G;1;1,29;1,29;2021-12-09;Thursday;13:45;noon;supermarket;Carrefour;0;mayonnaise;condiments
4;4;7;BULK VRAC;1;0,59;0,59;2021-12-09;Thursday;13:45;noon;supermarket;Carrefour;0;garlic;fruit & vegetables
4;4;8;COLRUYT paté met ardeense ham 170g;1;2,28;2,28;2021-12-17;Friday;10:58;morning;supermarket;Colruyt;0;paté;meat, fish & veggie
4;4;8;COLRUYT wildpaté 170g;1;2,25;2,25;2021-12-17;Friday;10:58;morning;supermarket;Colruyt;0;paté;meat, fish & veggie
4;4;8;kaaskroketten 4x70g;1;3,99;3,99;2021-12-17;Friday;10:58;morning;supermarket;Colruyt;0;cheese croquettes;frozen foods
4;4;8;BONI Zwitserse gruyere geraspt 250g;1;4,48;4,48;2021-12-17;Friday;10:58;morning;supermarket;Colruyt;0;cheese;dairy & plant based
4;4;8;BONI gouda light jong sneetjes 300g;1;2,99;2,99;2021-12-17;Friday;10:58;morning;supermarket;Colruyt;0;cheese;dairy & plant based
4;4;8;HEKS'NKAAS Original 200g;1;2,85;2,85;2021-12-17;Friday;10:58;morning;supermarket;Colruyt;0;cream cheese;dairy & plant based
4;4;8;BONI Baconreepjes 2x100g;1;1,99;1,99;2021-12-17;Friday;10:58;morning;supermarket;Colruyt;0;bacon;meat, fish & veggie
4;4;8;BONI 14 apiritiefhapjes 270g;2;5,99;11,98;2021-12-17;Friday;10:58;morning;supermarket;Colruyt;0;appetizers;frozen foods
4;4;8;EVERTDAY uien 2kg;1;1,19;1,19;2021-12-17;Friday;10:58;morning;supermarket;Colruyt;0;onions;fruit & vegetables
4;4;8;BONI witloof 500g;1;1,79;1,79;2021-12-17;Friday;10:58;morning;supermarket;Colruyt;0;chicory;fruit & vegetables
4;4;8;broccoli 1st 500g;1;0,99;0,99;2021-12-17;Friday;10:58;morning;supermarket;Colruyt;0;broccoli;fruit & vegetables
4;4;8;BONI kerstomaatjes tros 300g;1;2,55;2,55;2021-12-17;Friday;10:58;morning;supermarket;Colruyt;0;tomatoes;fruit & vegetables
4;4;8;EVERYDAY champignons fijn 250g;1;0,85;0,85;2021-12-17;Friday;10:58;morning;supermarket;Colruyt;0;mushrooms;fruit & vegetables
4;4;8;BONI hoevebrood bruin 800g;1;1,19;1,19;2021-12-17;Friday;10:58;morning;supermarket;Colruyt;0;bread;bakery
4;4;8;BONI hoevebrood wit 800g;1;1,39;1,39;2021-12-17;Friday;10:58;morning;supermarket;Colruyt;0;bread;bakery
4;4;8;IJSBOERKE ijsstronk vanille choc. Pral 1l;1;5,93;5,93;2021-12-17;Friday;10:58;morning;supermarket;Colruyt;0;icecake;frozen foods
4;4;8;COCA-COLA PET 25cl;12;0,80;9,60;2021-12-17;Friday;10:58;morning;supermarket;Colruyt;0;coke;beverages
4;4;8;VALVERT plat water 1,5L;6;0,76;4,56;2021-12-17;Friday;10:58;morning;supermarket;Colruyt;0;water;beverages
4;4;8;BONI toast melba rond 2x22st 110g;2;0,67;1,34;2021-12-17;Friday;10:58;morning;supermarket;Colruyt;0;toast;bakery
4;4;8;LOTUS pasta speculoos 400g;1;1,99;1,99;2021-12-17;Friday;10:58;morning;supermarket;Colruyt;0;biscoff spread;breakfast & spreads
4;4;8;BONI honingkoek 8x40g;1;1,85;1,85;2021-12-17;Friday;10:58;morning;supermarket;Colruyt;0;gingerbread;breakfast & spreads
4;4;8;EVERYDAY chips zout 200g;1;0,55;0,55;2021-12-17;Friday;10:58;morning;supermarket;Colruyt;0;chips;snacks
4;4;8;FAMLET Schilfertruffels ruby 150g;1;3,44;3,44;2021-12-17;Friday;10:58;morning;supermarket;Colruyt;0;chocolate;snacks
4;4;8;CRUMBEL mini cake 300g;1;2,99;2,99;2021-12-17;Friday;10:58;morning;supermarket;Colruyt;0;cake;snacks
4;4;8;GRAINDOR UTZ dessert gemalen 500g;1;3,89;3,89;2021-12-17;Friday;10:58;morning;supermarket;Colruyt;0;coffee;beverages
4;4;8;lasagne bolognese 1 verp. =ca.400g;1;3,46;3,46;2021-12-17;Friday;10:58;morning;supermarket;Colruyt;0;lasagna;meat, fish & veggie
4;4;8;filet americain;1;1,14;1,14;2021-12-17;Friday;10:58;morning;supermarket;Colruyt;0;meat spread;meat, fish & veggie
4;4;8;GRIMBERGEN Grand Cru ext.ger.blok ca.425g;1;5,98;5,98;2021-12-17;Friday;10:58;morning;supermarket;Colruyt;0;cheese;dairy & plant based
4;4;8;EVERYDAY Conference peren 6st 1kg;1;1,41;1,41;2021-12-17;Friday;10:58;morning;supermarket;Colruyt;0;pears;fruit & vegetables
4;4;8;courgetten Los;1;0,52;0,52;2021-12-17;Friday;10:58;morning;supermarket;Colruyt;0;zucchini;fruit & vegetables
4;5;9;150G PICOS OLIJF;1;1,35;1,35;2022-01-08;Saturday;11:39;morning;supermarket;Delhaize;0;olives;fruit & vegetables
4;5;9;125G BUGLES PAPRIK;1;2,15;2,15;2022-01-08;Saturday;11:39;morning;supermarket;Delhaize;0;chips;snacks
4;5;9;OUDENDIJK OUD;1;3,09;3,09;2022-01-08;Saturday;11:39;morning;supermarket;Delhaize;0;cheese;dairy & plant based
4;5;9;6X1L DDL MELK HALF;1;6,54;6,54;2022-01-08;Saturday;11:39;morning;supermarket;Delhaize;0;milk;dairy & plant based
4;5;9;4X33CL LEFFE BR;1;4,69;4,69;2022-01-08;Saturday;11:39;morning;supermarket;Delhaize;1;beer;beverages
4;5;9;400G EXQUISE STOKB;1;1,65;1,65;2022-01-08;Saturday;11:39;morning;supermarket;Delhaize;1;bread;bakery
4;5;9;400G EXQUISE STOKB;1;1,65;1,65;2022-01-08;Saturday;11:39;morning;supermarket;Delhaize;1;bread;bakery
4;5;9;OREE BOIS 50CL DDL;1;4,19;4,19;2022-01-08;Saturday;11:39;morning;supermarket;Delhaize;1;water;beverages
4;5;9;OREE BOIS 50CL DDL;1;4,19;4,19;2022-01-08;Saturday;11:39;morning;supermarket;Delhaize;1;water;beverages
4;5;9;DDL NECTAR BANANA COCO CITROEN;1;2,15;2,15;2022-01-08;Saturday;11:39;morning;supermarket;Delhaize;0;fruit juice;beverages
4;5;9;APPEL PATE 125G;1;1,59;1,59;2022-01-08;Saturday;11:39;morning;supermarket;Delhaize;0;paté;meat, fish & veggie
4;5;9;VERNIJSDING 3EN;1;7,63;7,63;2022-01-08;Saturday;11:39;morning;supermarket;Delhaize;0;charcuterie;meat, fish & veggie
4;5;9;BAKKERIJ;1;4,19;4,19;2022-01-08;Saturday;11:39;morning;supermarket;Delhaize;0;bread;bakery
4;5;9;500G DLL MOKA;1;4,88;4,88;2022-01-08;Saturday;11:39;morning;supermarket;Delhaize;0;coffee;beverages
4;5;9;365 KOFFIEFILTERS;1;0,65;0,65;2022-01-08;Saturday;11:39;morning;supermarket;Delhaize;0;coffee filters;beverages
4;5;9;KAASROL HAM;1;4,69;4,69;2022-01-08;Saturday;11:39;morning;supermarket;Delhaize;0;ham pastry;meat, fish & veggie
4;5;9;VEENBESSEN PATE;1;1,99;1,99;2022-01-08;Saturday;11:39;morning;supermarket;Delhaize;0;pate;meat, fish & veggie
4;5;9;VERSNIJDINGSSTAND 3D;1;4,32;4,32;2022-01-08;Saturday;11:39;morning;supermarket;Delhaize;0;charcuterie;meat, fish & veggie
4;5;9;4/4 GEBAK NAT DEL;1;1,17;1,17;2022-01-08;Saturday;11:39;morning;supermarket;Delhaize;0;cake;bakery
4;5;9;2X125G DLL GRIEKSE YOG;1;1,25;1,25;2022-01-08;Saturday;11:39;morning;supermarket;Delhaize;0;yoghurt;dairy & plant based
4;5;9;VERSNIJDINGSSTAND 3D;1;3,44;3,44;2022-01-08;Saturday;11:39;morning;supermarket;Delhaize;0;charcuterie;meat, fish & veggie
4;5;9;TOI ABONDANCE AOP;1;3,85;3,85;2022-01-08;Saturday;11:39;morning;supermarket;Delhaize;0;cheese;dairy & plant based
4;5;9;ARDENSE FOREL MAP;1;2,69;2,69;2022-01-08;Saturday;11:39;morning;supermarket;Delhaize;1;fish;meat, fish & veggie
4;5;9;6ST APPEL PINK LAD;1;2,79;2,79;2022-01-08;Saturday;11:39;morning;supermarket;Delhaize;1;apples;fruit & vegetables
4;5;9;6ST APPEL PINK LAD;1;2,79;2,79;2022-01-08;Saturday;11:39;morning;supermarket;Delhaize;1;apples;fruit & vegetables
4;5;9;RAPEN IN BOT;1;1,45;1,45;2022-01-08;Saturday;11:39;morning;supermarket;Delhaize;0;turnip;fruit & vegetables
4;5;9;GRIJZE GARN 100G;1;4,49;4,49;2022-01-08;Saturday;11:39;morning;supermarket;Delhaize;1;shrimp;meat, fish & veggie
4;5;9;100GR JONGE SLA;1;1,02;1,02;2022-01-08;Saturday;11:39;morning;supermarket;Delhaize;0;salad;fruit & vegetables
4;5;9;AVOCADO;1;1,19;1,19;2022-01-08;Saturday;11:39;morning;supermarket;Delhaize;0;avocado;fruit & vegetables
4;5;9;DDL CONF VIJG CITR;1;2,09;2,09;2022-01-08;Saturday;11:39;morning;supermarket;Delhaize;0;jam;breakfast & spreads
4;5;9;GEPEL. TOM D365;1;0,45;0,45;2022-01-08;Saturday;11:39;morning;supermarket;Delhaize;0;canned tomatoes;canned foods
4;5;10;PREPARE VAN DE CHEF 200G;1;2,19;2,19;2022-01-12;Wednesday;13:29;noon;supermarket;Okay;0;meat spread;meat, fish & veggie
4;5;10;BROOD MAISBROOD KUBUS 500G;1;2,19;2,19;2022-01-12;Wednesday;13:29;noon;supermarket;Okay;0;bread;bakery
4;5;10;BONI VOLLE MELK 50CL;6;0,50;2,99;2022-01-12;Wednesday;13:29;noon;supermarket;Okay;0;milk;dairy & plant based
4;5;10;EVERYDAY ERWTEN ZEER FIJN 400G;1;0,59;0,59;2022-01-12;Wednesday;13:29;noon;supermarket;Okay;0;peas;canned foods
4;5;10;BONI SPECULOOSPASTA CRUNCHY 400G;1;1,39;1,39;2022-01-12;Wednesday;13:29;noon;supermarket;Okay;0;biscoff spread;breakfast & spreads
4;5;10;COTE D'OR TABL PRALINE DOUBLE LAIT 200G;1;2,15;2,15;2022-01-12;Wednesday;13:29;noon;supermarket;Okay;0;chocolate;snacks
4;5;10;BONI KOEKEN SIGARETTEN 180G;1;1,34;1,34;2022-01-12;Wednesday;13:29;noon;supermarket;Okay;0;cookies;snacks
4;5;10;WIN FOR LIFE 3.00 1ST;1;3,00;3,00;2022-01-12;Wednesday;13:29;noon;supermarket;Okay;0;lottery ticket;non-food
4;5;10;BRIE NEUTRE 250G;1;2,07;2,07;2022-01-12;Wednesday;13:29;noon;supermarket;Okay;0;cheese;dairy & plant based
4;6;11;CONFERENCE 4ST;1;1,79;1,79;2022-01-20;Thursday;10:12;morning;supermarket;Delhaize;0;pears;fruit & vegetables
4;6;11;PREI BULK;1;1,08;1,08;2022-01-20;Thursday;10:12;morning;supermarket;Delhaize;1;leek;fruit & vegetables
4;6;11;500G DDL 2% YOGHUR;1;1,69;1,69;2022-01-20;Thursday;10:12;morning;supermarket;Delhaize;0;yoghurt;dairy & plant based
4;6;11;DLL MAG MElk 6X500ML;1;4,35;4,35;2022-01-20;Thursday;10:12;morning;supermarket;Delhaize;0;milk;dairy & plant based
4;6;11;BROODZAK CLASSIC N;1;1,35;1,35;2022-01-20;Thursday;10:12;morning;supermarket;Delhaize;0;bread;bakery
4;6;11;400GR BROCCOLI;1;0,89;0,89;2022-01-20;Thursday;10:12;morning;supermarket;Delhaize;0;broccoli;fruit & vegetables
4;6;11;SPRUITEN;1;1,59;1,59;2022-01-20;Thursday;10:12;morning;supermarket;Delhaize;0;sprouts;fruit & vegetables
4;6;11;BECEL TUB LIGHT;1;2,09;2,09;2022-01-20;Thursday;10:12;morning;supermarket;Delhaize;0;margarine;dairy & plant based
4;6;11;SPINAZIE 450G;1;1,95;1,95;2022-01-20;Thursday;10:12;morning;supermarket;Delhaize;0;spinach;fruit & vegetables
4;6;11;VERSNIJDINGSSTAND 3D;1;4,31;4,31;2022-01-20;Thursday;10:12;morning;supermarket;Delhaize;0;charcuterie;meat, fish & veggie
4;6;11;KIPPENBORSTFILET;1;6,45;6,45;2022-01-20;Thursday;10:12;morning;supermarket;Delhaize;0;chicken;meat, fish & veggie
4;6;11;1KG AARDAPPELKROKE;1;1,46;1,46;2022-01-20;Thursday;10:12;morning;supermarket;Delhaize;0;croquettes;frozen foods
4;6;11;250G DDL BOSBES-FR;1;3,03;3,03;2022-01-20;Thursday;10:12;morning;supermarket;Delhaize;0;frozen berries;frozen foods
4;6;11;350G DL HONIN BIO;1;2,57;2,57;2022-01-20;Thursday;10:12;morning;supermarket;Delhaize;0;honey;breakfast & spreads
4;6;11;365 LASAGNE 400G;1;1,15;1,15;2022-01-20;Thursday;10:12;morning;supermarket;Delhaize;0;lasagna;meat, fish & veggie
4;6;11;GER. SPEKBLOKJES;1;2,29;2,29;2022-01-20;Thursday;10:12;morning;supermarket;Delhaize;0;bacon;meat, fish & veggie
4;6;11;VEENBESSEN PATE;1;1,99;1,99;2022-01-20;Thursday;10:12;morning;supermarket;Delhaize;0;pate;meat, fish & veggie
4;6;11;FILET DE SAXE;1;1,49;1,49;2022-01-20;Thursday;10:12;morning;supermarket;Delhaize;0;charcuterie;meat, fish & veggie
4;6;11;GOUDA SNEDEN OUD;1;4,05;4,05;2022-01-20;Thursday;10:12;morning;supermarket;Delhaize;0;cheese;meat, fish & veggie
4;6;11;SCHOTSE GER ZALM;1;6,59;6,59;2022-01-20;Thursday;10:12;morning;supermarket;Delhaize;1;salmon;meat, fish & veggie
4;6;11;SCHOTSE GER ZALM;1;6,59;6,59;2022-01-20;Thursday;10:12;morning;supermarket;Delhaize;1;salmon;meat, fish & veggie
4;6;11;450G GRAT GEHAKT S;1;5,24;5,24;2022-01-20;Thursday;10:12;morning;supermarket;Delhaize;0;minced meat;meat, fish & veggie
4;6;11;450G IGLO OOSTENDS;1;7,30;7,30;2022-01-20;Thursday;10:12;morning;supermarket;Delhaize;0;frozen meal;frozen foods
4;7;12;BROODZAK CLASS N4;1;2,09;2,09;2022-01-27;Thursday;13:44;noon;supermarket;Delhaize;0;bread;bakery
4;7;12;6X1L CAMP 1/2VOL PL melk;1;6,96;6,96;2022-01-27;Thursday;13:44;noon;supermarket;Delhaize;0;milk;dairy & plant based
4;7;12;BIO BANANEN;1;1,89;1,89;2022-01-27;Thursday;13:44;noon;supermarket;Delhaize;0;bananas;fruit & vegetables
4;7;12;450G IGLO OSSETONG;1;6,46;6,46;2022-01-27;Thursday;13:44;noon;supermarket;Delhaize;0;frozen meal;frozen foods
4;7;12;125G GALAK SPECULO;1;2,25;2,25;2022-01-27;Thursday;13:44;noon;supermarket;Delhaize;0;chocolate;snacks
4;7;12;125G GALAK SPECULO;1;2,25;2,25;2022-01-27;Thursday;13:44;noon;supermarket;Delhaize;0;chocolate;snacks
4;7;12;200G REP CHOC MELK;1;2,26;2,26;2022-01-27;Thursday;13:44;noon;supermarket;Delhaize;0;chocolate milk;dairy & plant based
4;7;12;365 PANNENKOEKEN;1;1,35;1,35;2022-01-27;Thursday;13:44;noon;supermarket;Delhaize;0;pancakes;bakery
4;7;12;230G DDL KRUIMELDEEG;1;0,85;0,85;2022-01-27;Thursday;13:44;noon;supermarket;Delhaize;0;dough;bakery
4;7;12;FRAM. CONF. DDL;1;2,78;2,78;2022-01-27;Thursday;13:44;noon;supermarket;Delhaize;0;jam;breakfast & spreads
4;7;12;D.E. DESSERT VACUUM KOFFIE;1;6,45;6,45;2022-01-27;Thursday;13:44;noon;supermarket;Delhaize;0;coffee;beverages
4;7;12;VEENBESSEN PATE;1;1,99;1,99;2022-01-27;Thursday;13:44;noon;supermarket;Delhaize;0;pate;meat, fish & veggie
4;7;12;PATE UIENCONFIJT;1;1,99;1,99;2022-01-27;Thursday;13:44;noon;supermarket;Delhaize;0;pate;meat, fish & veggie
4;7;12;PATE UIENCONFIJT;1;1,99;1,99;2022-01-27;Thursday;13:44;noon;supermarket;Delhaize;0;pate;meat, fish & veggie
4;7;12;GOUDA SNEDEN JONG;1;2,95;2,95;2022-01-27;Thursday;13:44;noon;supermarket;Delhaize;0;cheese;dairy & plant based
4;7;12;GOUDA SNEDEN JONG;1;2,95;2,95;2022-01-27;Thursday;13:44;noon;supermarket;Delhaize;0;cheese;dairy & plant based
4;7;12;GOUDA SNEDEN JONG;1;2,50;2,50;2022-01-27;Thursday;13:44;noon;supermarket;Delhaize;0;cheese;dairy & plant based
4;7;12;ANSJOVIS 100G;1;2,50;2,50;2022-01-27;Thursday;13:44;noon;supermarket;Delhaize;0;fish;meat, fish & veggie
4;7;12;200G 365 EMMENTAL;1;1,29;1,29;2022-01-27;Thursday;13:44;noon;supermarket;Delhaize;0;cheese;dairy & plant based
4;7;12;D-365 GEKOOKTE SCHOUDERHAM;1;1,89;1,89;2022-01-27;Thursday;13:44;noon;supermarket;Delhaize;0;charcuterie;meat, fish & veggie
4;7;12;T.O.I. COMTE AOP CHEESE;1;5,05;5,05;2022-01-27;Thursday;13:44;noon;supermarket;Delhaize;0;cheese;dairy & plant based
4;7;12;ZALMLASAGNE;1;4,89;4,89;2022-01-27;Thursday;13:44;noon;supermarket;Delhaize;0;lasagna;meat, fish & veggie
4;7;12;C A CASA LAS.BOLOGNESE;1;3,59;3,59;2022-01-27;Thursday;13:44;noon;supermarket;Delhaize;0;lasagna;meat, fish & veggie
4;7;12;PAPRIKAMIX;1;1,50;1,50;2022-01-27;Thursday;13:44;noon;supermarket;Delhaize;0;paprika;cooking aids
4;7;12;400G HAZELNOOTPAST;1;1,99;1,99;2022-01-27;Thursday;13:44;noon;supermarket;Delhaize;1;nut spread;breakfast & spreads
4;7;12;400G HAZELN. CRUNCH;1;2,69;2,69;2022-01-27;Thursday;13:44;noon;supermarket;Delhaize;1;nut spread;breakfast & spreads
4;7;12;1KG WORTELEN;1;1,15;1,15;2022-01-27;Thursday;13:44;noon;supermarket;Delhaize;0;carrots;fruit & vegetables
4;7;12;HESPENWORST;1;1,45;1,45;2022-01-27;Thursday;13:44;noon;supermarket;Delhaize;0;charcuterie;meat, fish & veggie
4;7;12;1KG WORTELEN;1;1,15;1,15;2022-01-27;Thursday;13:44;noon;supermarket;Delhaize;1;carrots;fruit & vegetables
4;7;12;INNOC APPEL MANGO;1;3,25;3,25;2022-01-27;Thursday;13:44;noon;supermarket;Delhaize;1;juice;beverages
4;7;12;INN TROP FRUIT;1;3,25;3,25;2022-01-27;Thursday;13:44;noon;supermarket;Delhaize;1;juice;beverages
4;8;13;GIRLS CAN SAY ANYTHI;1;36,99;36,99;2022-02-04;Friday;09:27;morning;supermarket;Delhaize;1;perfume;care & hygiene
4;8;14;200G 365 EMMENTAL;1;1,29;1,29;2022-02-04;Friday;09:22;morning;supermarket;Delhaize;0;cheese;dairy & plant based
4;8;14;LAMSFILET KOTELET;1;5,59;5,59;2022-02-04;Friday;09:22;morning;supermarket;Delhaize;0;lamb;meat, fish & veggie
4;8;14;VERSNIJDINGSSTAND 3D;1;3,95;3,95;2022-02-04;Friday;09:22;morning;supermarket;Delhaize;0;charcuterie;meat, fish & veggie
4;8;14;HAM UIT BAYONNE;1;3,25;3,25;2022-02-04;Friday;09:22;morning;supermarket;Delhaize;0;charcuterie;meat, fish & veggie
4;8;14;170G FAGE YOGHURT;1;1,55;1,55;2022-02-04;Friday;09:22;morning;supermarket;Delhaize;1;yoghurt;dairy & plant based
4;8;14;FAGE YOGHURT 0%;1;1,55;1,55;2022-02-04;Friday;09:22;morning;supermarket;Delhaize;0;yoghurt;dairy & plant based
4;8;14;EIER VR UITLOOP 12;1;3,95;3,95;2022-02-04;Friday;09:22;morning;supermarket;Delhaize;0;eggs;dairy & plant based
4;8;14;4X0.4 FUZE T BL;1;4,99;4,99;2022-02-04;Friday;09:22;morning;supermarket;Delhaize;1;iced tea;beverages
4;8;14;4X0.4 FUZE T BL;1;4,99;4,99;2022-02-04;Friday;09:22;morning;supermarket;Delhaize;1;iced tea;beverages
4;8;14;225 LAY'S PICKLES;1;1,65;1,65;2022-02-04;Friday;09:22;morning;supermarket;Delhaize;0;chips;snacks
4;8;14;BIO BANANEN FR CO2;1;1,89;1,89;2022-02-04;Friday;09:22;morning;supermarket;Delhaize;0;bananas;fruit & vegetables
4;8;14;WITLOOF 650G;1;2,25;2,25;2022-02-04;Friday;09:22;morning;supermarket;Delhaize;1;chicory;fruit & vegetables
4;8;14;BIO HAVERMOUTVLOK;1;1,42;1,42;2022-02-04;Friday;09:22;morning;supermarket;Delhaize;0;oatmeal;breakfast & spreads
4;8;14;DDL PLANTAAR SPONS;1;2,15;2,15;2022-02-04;Friday;09:22;morning;supermarket;Delhaize;0;sponge;household
4;8;14;125GR MAKREEL;1;1,63;1,63;2022-02-04;Friday;09:22;morning;supermarket;Delhaize;0;fish;meat, fish & veggie
4;8;14;JV HV MELK 1L EDGE;1;1,22;1,22;2022-02-04;Friday;09:22;morning;supermarket;Delhaize;0;milk;dairy & plant based
4;8;14;BROODZAK CLASS N4;1;2,09;2,09;2022-02-04;Friday;09:22;morning;supermarket;Delhaize;0;bread;bakery
4;8;14;CONFERENCE 4ST;1;1,79;1,79;2022-02-04;Friday;09:22;morning;supermarket;Delhaize;0;pears;fruit & vegetables
4;8;14;RAPEN IN BOT;1;1,00;1,00;2022-02-04;Friday;09:22;morning;supermarket;Delhaize;0;turnip;fruit & vegetables
4;8;14;365 MOZZARELLA 125;1;0,50;0,50;2022-02-04;Friday;09:22;morning;supermarket;Delhaize;0;cheese;dairy & plant based
4;8;14;365 MOZZARELLA 125;1;0,50;0,50;2022-02-04;Friday;09:22;morning;supermarket;Delhaize;0;cheese;dairy & plant based
4;8;14;TOMME DE MONTAGNE;1;3,04;3,04;2022-02-04;Friday;09:22;morning;supermarket;Delhaize;0;cheese;dairy & plant based
4;8;14;COURGETTEN;1;0,76;0,76;2022-02-04;Friday;09:22;morning;supermarket;Delhaize;0;zucchini;fruit & vegetables
4;8;14;PREI BULK;1;0,91;0,91;2022-02-04;Friday;09:22;morning;supermarket;Delhaize;0;leek;fruit & vegetables
5;1;1;JOHNNY DOODLE PEANUT;1;3,29;3,29;2021-11-30;Tuesday;14:28;afternoon;supermarket;Jumbo;0;chocolate ;snacks
5;1;1;M&M S CRISPY 213GR;1;2,69;2,69;2021-11-30;Tuesday;14:28;afternoon;supermarket;Jumbo;0;chocolates;snacks
5;1;1;JUMBO DG GRANDE LUNGO CUPS;1;2,71;2,71;2021-11-30;Tuesday;14:28;afternoon;supermarket;Jumbo;0;coffee;beverages
5;1;1;JUMBO STROOPWAFEL CARAM;1;1,99;1,99;2021-11-30;Tuesday;14:28;afternoon;supermarket;Jumbo;0;cookies;snacks
5;1;1;AMBACHTELIJKE EIERKO;1;2,00;2,00;2021-11-30;Tuesday;14:28;afternoon;supermarket;Jumbo;0;egg cakes;snacks
5;1;1;SCHARREL M/L6;1;1,09;1,09;2021-11-30;Tuesday;14:28;afternoon;supermarket;Jumbo;0;eggs;dairy & plant based
5;1;1;JUMBO REEP ONTBIJTKOEK;1;1,49;1,49;2021-11-30;Tuesday;14:28;afternoon;supermarket;Jumbo;0;gingerbread;bakery
5;1;1;PELLEGRINO ARANC ROSSA;1;0,78;0,78;2021-11-30;Tuesday;14:28;afternoon;supermarket;Jumbo;0;lemonade;beverages
5;1;1;PELLEGRINO MELOGRANO;1;0,80;0,80;2021-11-30;Tuesday;14:28;afternoon;supermarket;Jumbo;0;lemonade;beverages
5;1;1;JUMBO KROK MUESLI CHOCO;1;2,82;2,82;2021-11-30;Tuesday;14:28;afternoon;supermarket;Jumbo;0;muesli;breakfast & spreads
5;1;1;NUSICA DUO PASTA;1;1,29;1,29;2021-11-30;Tuesday;14:28;afternoon;supermarket;Jumbo;0;nut spread;breakfast & spreads
5;1;1;JUMBO KEUKENPAPIER;1;1,49;1,49;2021-11-30;Tuesday;14:28;afternoon;supermarket;Jumbo;0;paper towels;household
5;1;1;MINI APPELFLAP;1;3,05;3,05;2021-11-30;Tuesday;14:28;afternoon;supermarket;Jumbo;0;pastry;bakery
5;1;1;BAMI VEGA BALLETJES;1;5,67;5,67;2021-11-30;Tuesday;14:28;afternoon;supermarket;Jumbo;0;veggie meat;meat, fish & veggie
5;1;2;SPAR APPELMOES GEZEEFD GL. 370G;1;0,99;0,99;2021-12-03;Friday;17:30;afternoon;supermarket;Spar;0;apple sauce;canned foods
5;1;2;WORTEL SCHAAL;1;1,20;1,20;2021-12-03;Friday;17:30;afternoon;supermarket;Spar;0;carrots;fruit & vegetables
5;1;2;BROOD & GEBAK ONTBIJTKOEK;4;0,95;3,80;2021-12-03;Friday;17:30;afternoon;supermarket;Spar;0;gingerbread;breakfast & spreads
5;1;2;NESTLE FITNESS CHOCOLADE 450 G;1;4,99;4,99;2021-12-03;Friday;17:30;afternoon;supermarket;Spar;0;muesli;breakfast & spreads
5;1;2;DANIO KWARK AARDBEI 180G;1;2,18;2,18;2021-12-03;Friday;17:30;afternoon;supermarket;Spar;1;soft cheese;dairy & plant based
5;2;3;DRAAGTASJE;1;0,05;0,05;2021-12-07;Tuesday;16:21;afternoon;supermarket;Delhaize;0;bag;non-food
5;2;3;FITN CHOC CEREAL;1;4,89;4,89;2021-12-07;Tuesday;16:21;afternoon;supermarket;Delhaize;0;cereal;breakfast & spreads
5;2;3;300G M&M'S MIX;1;4,39;4,39;2021-12-07;Tuesday;16:21;afternoon;supermarket;Delhaize;0;chocolates;snacks
5;2;3;6XCOKE ZERO VANIL;1;4,69;4,69;2021-12-07;Tuesday;16:21;afternoon;supermarket;Delhaize;0;coke;beverages
5;2;3;CHOCOLADEBROODJE;2;0,99;1,98;2021-12-07;Tuesday;16:21;afternoon;supermarket;Delhaize;0;danish;bakery
5;2;3;LIJM;1;5,05;5,05;2021-12-07;Tuesday;16:21;afternoon;supermarket;Delhaize;0;glue;non-food
5;2;3;CITROENEN;1;0,80;0,80;2021-12-07;Tuesday;16:21;afternoon;supermarket;Delhaize;0;lemons;fruit & vegetables
5;2;3;DLL HALFV MELK 6X500ML;1;3,49;3,49;2021-12-07;Tuesday;16:21;afternoon;supermarket;Delhaize;0;milk;dairy & plant based
5;2;3;APPELSIENEN PAPILL;1;3,23;3,23;2021-12-07;Tuesday;16:21;afternoon;supermarket;Delhaize;0;oranges;fruit & vegetables
5;2;3;RIJST-/ FRANG. TAARTJE;2;1,49;2,98;2021-12-07;Tuesday;16:21;afternoon;supermarket;Delhaize;0;pastry;bakery
5;2;4;LL VP BREUGHELBROOD 800G;1;2,45;2,45;2021-12-09;Thursday;13:04;noon;supermarket;Spar;0;bread;bakery
5;2;4;HAMLET SINT DECO 125G;1;2,35;2,35;2021-12-09;Thursday;13:04;noon;supermarket;Spar;1;chocolate;snacks
5;2;4;BROOD & GEBAK ONTBIJTKOEK;2;0,95;1,90;2021-12-09;Thursday;13:04;noon;supermarket;Spar;0;danish;bakery
5;2;4;AOSTE SNACK PUR PORC 80G;1;3,69;3,69;2021-12-09;Thursday;13:04;noon;supermarket;Spar;1;meat snacks;meat, fish & veggie
5;2;4;SIGNAL TB CLASSIC MEDIUM;1;2,05;2,05;2021-12-09;Thursday;13:04;noon;supermarket;Spar;0;toothbrush;care & hygiene
5;2;5;JUMBO FEESTBROOD;1;2,50;2,50;2021-12-10;Friday;15:22;afternoon;supermarket;Jumbo;0;bread;bakery
5;2;5;CHOC SEIZOEN FIGUUR;1;2,19;2,19;2021-12-10;Friday;15:22;afternoon;supermarket;Jumbo;0;chocolates;snacks
5;2;5;MELK PINDA CAR ZZ ROTSJES;1;2,29;2,29;2021-12-10;Friday;15:22;afternoon;supermarket;Jumbo;1;chocolates;snacks
5;2;5;APPELTAART ROTSJES MELK;1;1,99;1,99;2021-12-10;Friday;15:22;afternoon;supermarket;Jumbo;1;chocolates;snacks
5;2;5;JUMBO DG LUNGO GVP;1;4,44;4,44;2021-12-10;Friday;15:22;afternoon;supermarket;Jumbo;0;coffee;beverages
5;2;5;JUMBO SCONES ROZIJNE;1;2,79;2,79;2021-12-10;Friday;15:22;afternoon;supermarket;Jumbo;0;danish;bakery
5;2;5;MONDKAPJES WEGW PROT;1;5,49;5,49;2021-12-10;Friday;15:22;afternoon;supermarket;Jumbo;0;face masks;care & hygiene
5;2;5;MEKKAFOOD CHICK TENDER;1;5,49;5,49;2021-12-10;Friday;15:22;afternoon;supermarket;Jumbo;1;frozen chicken;frozen foods
5;2;5;JUMBO REEP ROZIJN 5S;1;1,39;1,39;2021-12-10;Friday;15:22;afternoon;supermarket;Jumbo;0;gingerbread;breakfast & spreads
5;2;5;JUMBO JUS RUND 3P;1;0,89;0,89;2021-12-10;Friday;15:22;afternoon;supermarket;Jumbo;0;gravy;cooking aid
5;2;5;PELLEGR ARANC ROSSA;2;0,78;1,56;2021-12-10;Friday;15:22;afternoon;supermarket;Jumbo;0;lemonade;beverages
5;2;5;PELLEGRINO MELOGRANO;2;0,80;1,60;2021-12-10;Friday;15:22;afternoon;supermarket;Jumbo;0;lemonade;beverages
5;2;5;JUMBO APPEL ROZIJN MUESLI;1;2,49;2,49;2021-12-10;Friday;15:22;afternoon;supermarket;Jumbo;0;muesli;breakfast & spreads
5;2;5;MIXED DONUTS;1;3,45;3,45;2021-12-10;Friday;15:22;afternoon;supermarket;Jumbo;0;pastry;bakery
5;2;5;JB IJSBERGSLA&VELDSLA;1;2,59;2,59;2021-12-10;Friday;15:22;afternoon;supermarket;Jumbo;0;salad;fruit & vegetables
5;2;5;SIRLOIN STEAK ;1;4,99;4,99;2021-12-10;Friday;15:22;afternoon;supermarket;Jumbo;0;steak;frozen foods
5;2;5;ZOETE AARDAPPEL ORANJE;1;4,40;4,40;2021-12-10;Friday;15:22;afternoon;supermarket;Jumbo;0;sweet potatoes;fruit & vegetables
5;2;5;TOILETPAPIER 10RL 4LGS 160VL;1;2,54;2,54;2021-12-10;Friday;15:22;afternoon;supermarket;Jumbo;0;toilet paper;household
5;3;6;1 WOVEN PP DRAAGTAS;1;0,80;0,80;2021-12-13;Monday;17:45;afternoon;supermarket;Delhaize;0;bag;non-food
5;3;6;125G BAHLSEN MESS VEENBES KOEK;1;1,69;1,69;2021-12-13;Monday;17:45;afternoon;supermarket;Delhaize;0;cookies;snacks
5;3;6;600G POM DUCH DLL;1;0,99;0,99;2021-12-13;Monday;17:45;afternoon;supermarket;Delhaize;0;croquettes ;frozen foods
5;3;6;600G DLL POM PIN;1;1,55;1,55;2021-12-13;Monday;17:45;afternoon;supermarket;Delhaize;1;croquettes ;frozen foods
5;3;6;AFSLAG CHOCOLADEBROODJE;1;0,95;0,95;2021-12-13;Monday;17:45;afternoon;supermarket;Delhaize;0;danish;bakery
5;3;6;AFSLAG ROZIJNENBROODJE;1;0,95;0,95;2021-12-13;Monday;17:45;afternoon;supermarket;Delhaize;0;danish;bakery
5;3;6;2X100G COUGNOU CHOC;1;2,49;2,49;2021-12-13;Monday;17:45;afternoon;supermarket;Delhaize;0;danish;bakery
5;3;6;JOYVALLE SEMOULE;1;0,99;0,99;2021-12-13;Monday;17:45;afternoon;supermarket;Delhaize;0;dessert;dairy & plant based
5;3;6;JOYVALLE SEMOULE;1;0,99;0,99;2021-12-13;Monday;17:45;afternoon;supermarket;Delhaize;0;dessert;dairy & plant based
5;3;6;1L ICEDTEA GRO BIO;1;1,52;1,52;2021-12-13;Monday;17:45;afternoon;supermarket;Delhaize;0;ice tea;beverages
5;3;6;KIWI GEEL 6ST;1;4,49;4,49;2021-12-13;Monday;17:45;afternoon;supermarket;Delhaize;1;kiwi;fruit & vegetables
5;3;7;LL VP CARRE VOLKOREN BROOD 800G ;1;2,45;2,45;2021-12-18;Saturday;12:48;noon;supermarket;Spar;0;bread;bakery
5;3;7;LU CENT WAFERS 5X45G;1;2,42;2,42;2021-12-18;Saturday;12:48;noon;supermarket;Spar;1;cookies;snacks
5;3;7;KIWI GOLD;4;0,92;3,68;2021-12-18;Saturday;12:48;noon;supermarket;Spar;0;kiwi;fruit & vegetables
5;3;7;SPAR MELK HALFVOL UHT PET 1L;1;1,00;1,00;2021-12-18;Saturday;12:48;noon;supermarket;Spar;0;milk;dairy & plant based
5;3;8;SHOPPINGBAG BRUIN;1;0,25;0,25;2021-12-18;Saturday;17:05;afternoon;supermarket;Delhaize;0;bag;non-food
5;3;8;TOI COUGNOU 2CHOC;1;2,99;2,99;2021-12-18;Saturday;17:05;afternoon;supermarket;Delhaize;0;danish;bakery
5;3;8;650ML HAAGEN-DASZ SALTED CAR;1;6,45;6,45;2021-12-18;Saturday;17:05;afternoon;supermarket;Delhaize;0;ice cream;frozen foods
5;3;8;BOERENCHIPOLATA;1;2,60;2,60;2021-12-18;Saturday;17:05;afternoon;supermarket;Delhaize;0;sausages;meat, fish & veggie
5;4;9;GELE PAPRIKA;1;0,75;0,75;2021-12-20;Monday;17:43;afternoon;supermarket;Jumbo;0;bell pellers;fruit & vegetables
5;4;9;LAY'S PICKLES 225G;1;1,49;1,49;2021-12-20;Monday;17:43;afternoon;supermarket;Jumbo;0;chips;snacks
5;4;9;JUMBO BIKKELS 8X125;1;0,99;0,99;2021-12-20;Monday;17:43;afternoon;supermarket;Jumbo;1;chips;snacks
5;4;9;JUMBO DG LUNGO;1;2,49;2,49;2021-12-20;Monday;17:43;afternoon;supermarket;Jumbo;0;coffee;beverages
5;4;9;SULTAN TWIST MANGO;1;1,99;1,99;2021-12-20;Monday;17:43;afternoon;supermarket;Jumbo;0;cookies;snacks
5;4;9;JUMBO SCONES ROZIJNE;1;2,79;2,79;2021-12-20;Monday;17:43;afternoon;supermarket;Jumbo;0;danish;bakery
5;4;9;ZELFRIJZEND BAKMEEL;1;0,49;0,49;2021-12-20;Monday;17:43;afternoon;supermarket;Jumbo;0;flour;bakery
5;4;9;FENTIMANS PINK GINGE;1;3,79;3,79;2021-12-20;Monday;17:43;afternoon;supermarket;Jumbo;0;lemonade;beverages
5;4;9;JUMBO VEZELR CRAN CH MUESLI;1;1,79;1,79;2021-12-20;Monday;17:43;afternoon;supermarket;Jumbo;0;muesli;breakfast & spreads
5;4;9;JUMBO PASSATA TOMAAT;2;0,50;1,00;2021-12-20;Monday;17:43;afternoon;supermarket;Jumbo;0;passata;canned foods
5;4;9;COURGETTES;1;0,53;0,53;2021-12-20;Monday;17:43;afternoon;supermarket;Jumbo;0;zucchini;fruit & vegetables
5;4;10;TOI COUGNOU 2 CHOC;1;2,99;2,99;2021-12-23;Thursday;16:14;afternoon;supermarket;Delhaize;1;danish;bakery
5;4;10;TOI COUGNOU 2 CHOC;1;2,99;2,99;2021-12-23;Thursday;16:14;afternoon;supermarket;Delhaize;1;danish;bakery
5;4;10;DLL PANNA COTTA;1;1,99;1,99;2021-12-23;Thursday;16:14;afternoon;supermarket;Delhaize;0;dessert;dairy & plant based
5;4;10;KIWI GEEL 6ST;1;4,49;4,49;2021-12-23;Thursday;16:14;afternoon;supermarket;Delhaize;0;kiwi;fruit & vegetables
5;4;10;S. PELLEGRINO AR ROSSA;1;5,59;5,59;2021-12-23;Thursday;16:14;afternoon;supermarket;Delhaize;0;lemonade;beverages
5;4;10;DLL HALFV MELK 6X500ML;1;3,49;3,49;2021-12-23;Thursday;16:14;afternoon;supermarket;Delhaize;0;milk;dairy & plant based
5;5;11;BFVYF VETBOLLEN;1;2,29;2,29;2022-01-10;Monday;15:47;afternoon;supermarket;Jumbo;0;bird feed;non-food
5;5;11;PEPSI MAX GINGER;1;1,99;1,99;2022-01-10;Monday;15:47;afternoon;supermarket;Jumbo;0;coke;beverages
5;5;11;JUMBO SCONES ROZIJNEN;1;2,79;2,79;2022-01-10;Monday;15:47;afternoon;supermarket;Jumbo;0;danish;bakery
5;5;11;CROISSANTDEEG 6ST;2;1,84;3,68;2022-01-10;Monday;15:47;afternoon;supermarket;Jumbo;1;danish;bakery
5;5;11;PANGASIUS ITALIAANS;1;3,99;3,99;2022-01-10;Monday;15:47;afternoon;supermarket;Jumbo;1;fish;meat, fish & veggie
5;5;11;PANGASIUS SWEET PEP;1;3,99;3,99;2022-01-10;Monday;15:47;afternoon;supermarket;Jumbo;1;fish;meat, fish & veggie
5;5;11;JUMBO REEP ROZIJN 5S;1;1,39;1,39;2022-01-10;Monday;15:47;afternoon;supermarket;Jumbo;0;gingerbread;breakfast & spreads
5;5;11;JUMBO MAISKORRELS 150g;1;0,38;0,38;2022-01-10;Monday;15:47;afternoon;supermarket;Jumbo;0;mais;fruit & vegetables
5;5;11;JUMBO KROK MUESLI CHOCO;1;2,82;2,82;2022-01-10;Monday;15:47;afternoon;supermarket;Jumbo;0;muesli;breakfast & spreads
5;5;11;RODE AJUIN 2ST;1;0,99;0,99;2022-01-10;Monday;15:47;afternoon;supermarket;Jumbo;0;onions;fruit & vegetables
5;5;11;LA PLACE CINNAMON RONDJES;1;2,49;2,49;2022-01-10;Monday;15:47;afternoon;supermarket;Jumbo;0;pastry;bakery
5;5;11;JUMBO KRUIMIG AARDAP 1KG;1;1,42;1,42;2022-01-10;Monday;15:47;afternoon;supermarket;Jumbo;0;potatoes;fruit & vegetables
5;5;11;JMB SALADEMIX 300g;1;1,00;1,00;2022-01-10;Monday;15:47;afternoon;supermarket;Jumbo;0;salad;fruit & vegetables
5;5;11;YILDRIZ TURKSE KNOF SAUS;1;1,69;1,69;2022-01-10;Monday;15:47;afternoon;supermarket;Jumbo;0;sauce;condiments
5;5;11;JUMBO ZOETE AARDAPPEL 1KG;1;2,46;2,46;2022-01-10;Monday;15:47;afternoon;supermarket;Jumbo;0;sweet potatoes;fruit & vegetables
5;5;11;CELESTIAL SLEEPY EXT THEE;1;2,99;2,99;2022-01-10;Monday;15:47;afternoon;supermarket;Jumbo;0;tea;beverages
5;5;11;COCKTAIL TROSTOMATEN;1;2,99;2,99;2022-01-10;Monday;15:47;afternoon;supermarket;Jumbo;0;tomatoes;fruit & vegetables
5;5;11;JUMBO VEG. SHOARMA;1;2,91;2,91;2022-01-10;Monday;15:47;afternoon;supermarket;Jumbo;0;veggie meat;meat, fish & veggie
5;5;11;JUMBO FALAFEL HOT&SP;1;2,15;2,15;2022-01-10;Monday;15:47;afternoon;supermarket;Jumbo;0;veggie meat;meat, fish & veggie
5;5;12;GWOON CHOCO FOURRE 6X30G;1;1,55;1,55;2022-01-11;Tuesday;16:20;afternoon;supermarket;Spar;0;cookies;snacks
5;5;12;H-D CHOCOLADEMOUSSE MELK 75G;1;1,29;1,29;2022-01-11;Tuesday;16:20;afternoon;supermarket;Spar;0;dessert;dairy & plant based
5;5;12;H-D TIRAMISU 105G;1;1,29;1,29;2022-01-11;Tuesday;16:20;afternoon;supermarket;Spar;1;dessert;dairy & plant based
5;5;12;BROOD & GEBAK ONTBIJTKOEK;2;0,95;1,90;2022-01-11;Tuesday;16:20;afternoon;supermarket;Spar;0;gingerbread;breakfast & spreads
5;5;12;LL APPELTAARTJE 2X1P;1;4,39;4,39;2022-01-11;Tuesday;16:20;afternoon;supermarket;Spar;1;pastry;bakery
5;5;12;ALPRO DRINK S. CHOCOLADE BR. 1L;1;2,15;2,15;2022-01-11;Tuesday;16:20;afternoon;supermarket;Spar;0;soy drink;dairy & plant based
5;6;13;BROOD & GEBAK ONTBIJTKOEK;2;0,95;1,90;2022-01-18;Tuesday;14:36;afternoon;supermarket;Spar;0;danish;bakery
5;6;13;LL LUXE BOLLETJES CHOC 4P VP;1;3,29;3,29;2022-01-18;Tuesday;14:36;afternoon;supermarket;Spar;0;danish;bakery
5;6;13;CITROEN;2;0,43;0,86;2022-01-18;Tuesday;14:36;afternoon;supermarket;Spar;0;lemons;fruit & vegetables
5;6;13;SPAR MELK HALFVOL UHT PET 1L;1;1,00;1,00;2022-01-18;Tuesday;14:36;afternoon;supermarket;Spar;0;milk;dairy & plant based
5;6;13;SPAR MELK HALFVOL UHT PET 1L;1;1,00;1,00;2022-01-18;Tuesday;14:36;afternoon;supermarket;Spar;0;milk;dairy & plant based
5;6;13;NESTLE FITNESS CHOCOLADE 450G;1;4,99;4,99;2022-01-18;Tuesday;14:36;afternoon;supermarket;Spar;0;muesli;breakfast & spreads
5;6;13;SINAAS MIDN.OT;1;2,34;2,34;2022-01-18;Tuesday;14:36;afternoon;supermarket;Spar;0;oranges;fruit & vegetables
5;6;13;DAN. ACTIM. ORIGINAL 8X100ML;1;4,49;4,49;2022-01-18;Tuesday;14:36;afternoon;supermarket;Spar;1;yoghurt;dairy & plant based
5;6;14;DAIM MINI;1;4,95;4,95;2022-01-19;Wednesday;15:47;afternoon;furniture store;Ikea;0;chocolates;snacks
5;6;14;CIDER PARON 4,5%;1;2,00;2,00;2022-01-19;Wednesday;15:47;afternoon;furniture store;Ikea;0;cider;beverages
5;6;14;SYLT LINGON JAM;1;2,50;2,50;2022-01-19;Wednesday;15:47;afternoon;furniture store;Ikea;0;jam;breakfast & spreads
5;6;14;HUVUDROLL;1;7,00;7,00;2022-01-19;Wednesday;15:47;afternoon;furniture store;Ikea;0;meatballs;meat, fish & veggie
5;6;14;ALLEMANRATTEN SAUSMIX;2;1,00;2,00;2022-01-19;Wednesday;15:47;afternoon;furniture store;Ikea;0;sauce;condiments
5;6;15;COVID ZELFTEST;1;2,99;2,99;2022-01-20;Thursday;13:17;noon;drugstore;Kruidvat;1;covid test;care & hygiene
5;6;15;CAPSULES KRUITVAT;1;2,99;2,99;2022-01-20;Thursday;13:17;noon;drugstore;Kruidvat;0;mint capsules;care & hygiene
5;6;15;NEUSINHALER;1;1,99;1,99;2022-01-20;Thursday;13:17;noon;drugstore;Kruidvat;0;nasal spray;care & hygiene
5;6;16;SPAR BAKPAPIER 8M;1;2,05;2,05;2022-01-21;Friday;15:08;afternoon;supermarket;Spar;0;baking paper;household
5;6;16;NESQUICK BIO CEREALS KIDS 375G;1;4,72;4,72;2022-01-21;Friday;15:08;afternoon;supermarket;Spar;1;cereal;breakfast & spreads
5;6;16;LL LUXE BOLLETJES CHOC 4P VP;1;3,29;3,29;2022-01-21;Friday;15:08;afternoon;supermarket;Spar;1;danish;breakfast & spreads
5;6;16;SPAR DAYLIC. CRUNCH CHOC MUESLI;1;2,99;2,99;2022-01-21;Friday;15:08;afternoon;supermarket;Spar;0;muesli;breakfast & spreads
5;6;16;WINNY WC WIT 6R 2L;1;1,65;1,65;2022-01-21;Friday;15:08;afternoon;supermarket;Spar;0;toilet paper;household
5;6;17;SPAR NAT.APPELSAP 100% GL. 75CL;1;2,05;2,05;2022-01-23;Sunday;11:17;morning;supermarket;Spar;0;apple juice;beverages
5;6;17;CHOCOVIT VITAMINE 50CL VV GLAS;1;1,05;1,05;2022-01-23;Sunday;11:17;morning;supermarket;Spar;0;chocolate milk;dairy & plant based
5;6;17;LL LUXE BOLLETJES CHOC.4P VP;1;3,29;3,29;2022-01-23;Sunday;11:17;morning;supermarket;Spar;0;danish;bakery
5;6;17;INEX MELK HALFVOL UHT BR. 1L;1;0,72;0,72;2022-01-23;Sunday;11:17;morning;supermarket;Spar;0;milk;dairy & plant based
5;6;17;INEX MELK HALFVOL UHT BR. 1L;1;0,72;0,72;2022-01-23;Sunday;11:17;morning;supermarket;Spar;0;milk;dairy & plant based
5;7;18;BANANEN;2;0,25;0,50;2022-01-24;Monday;17:32;afternoon;supermarket;Aldi;0;bananas;fruit & vegetables
5;7;18;KIPFILET IN RONDE SNEETJES;1;1,59;1,59;2022-01-24;Monday;17:32;afternoon;supermarket;Aldi;0;charcuterie;meat, fish & veggie
5;7;18;FRUITBISCUITS;1;1,19;1,19;2022-01-24;Monday;17:32;afternoon;supermarket;Aldi;0;cookies;snacks
5;7;18;URSI DESSERT;1;0,50;0,50;2022-01-24;Monday;17:32;afternoon;supermarket;Aldi;0;dessert;dairy & plant based
5;7;18;SANDWICHES 10X45G;1;1,09;1,09;2022-01-24;Monday;17:32;afternoon;supermarket;Aldi;0;sandwiches;bakery
5;7;18;LG SUIKERWAFELS 10 X 5;1;1,40;1,40;2022-01-24;Monday;17:32;afternoon;supermarket;Aldi;0;wafers;snacks
5;7;19;KOFFIEDESSERT 120G;1;3,55;3,55;2022-01-25;Tuesday;18:08;evening;supermarket;Aldi;1;coffee;beverages
5;7;19;PEPSI MAX AXL PET 1L;1;1,80;1,80;2022-01-25;Tuesday;18:08;evening;supermarket;Aldi;0;coke;beverages
5;7;19;DUO DESSERT 110G;1;3,35;3,35;2022-01-25;Tuesday;18:08;evening;supermarket;Aldi;1;dessert;dairy & plant based
5;7;19;INEX MELK HALFVOL UHT BR. 1L;1;0,72;0,72;2022-01-25;Tuesday;18:08;evening;supermarket;Aldi;0;milk;dairy & plant based
5;7;19;YAKULT 8X65ML;1;3,72;3,72;2022-01-25;Tuesday;18:08;evening;supermarket;Aldi;1;yoghurt;dairy & plant based
5;7;20;LL VP CARRE VOLKOREN 800G BROOD;1;2,45;2,45;2022-01-26;Wednesday;18:17;evening;supermarket;Spar;0;bread;bakery
5;7;20;GR.BRIANZA SALAMI.MILANO 100G;1;2,99;2,99;2022-01-26;Wednesday;18:17;evening;supermarket;Spar;1;charcuterie;meat, fish & veggie
5;7;20;LAY'S CHIPS KETCHUP 175G;1;1,59;1,59;2022-01-26;Wednesday;18:17;evening;supermarket;Spar;0;chips;snacks
5;7;20;PEPSI MAX AXL PET 1L;1;1,80;1,80;2022-01-26;Wednesday;18:17;evening;supermarket;Spar;0;coke;beverages
5;7;20;LL LUXE BOLLETJES CHOC.4P VP;1;3,29;3,29;2022-01-26;Wednesday;18:17;evening;supermarket;Spar;1;danish;bakery
5;7;20;VEENBESSENPATE CLAPPACK 150G;1;2,09;2,09;2022-01-26;Wednesday;18:17;evening;supermarket;Spar;1;pate;meat, fish & veggie
5;8;21;APPEL GRANNY S 6ST;1;2,35;2,35;2022-01-31;Monday;15:15;afternoon;supermarket;Delhaize;0;apples;fruit & vegetables
5;8;21;365 BANAAN;1;1,09;1,09;2022-01-31;Monday;15:15;afternoon;supermarket;Delhaize;0;bananas;fruit & vegetables
5;8;21;365 BOTER 250G;1;1,55;1,55;2022-01-31;Monday;15:15;afternoon;supermarket;Delhaize;0;butter;dairy & plant based
5;8;21;FITN CHOC CEREAL;1;5,15;5,15;2022-01-31;Monday;15:15;afternoon;supermarket;Delhaize;0;cereal;breakfast & spreads
5;8;21;200G 365 EMMENTAL;1;1,29;1,29;2022-01-31;Monday;15:15;afternoon;supermarket;Delhaize;0;cheese;dairy & plant based
5;8;21;1L VITA COCO SAP NATUUR;1;3,99;3,99;2022-01-31;Monday;15:15;afternoon;supermarket;Delhaize;0;coconut water;beverages
5;8;21;DINOSAURUS MELKCHO;1;1,85;1,85;2022-01-31;Monday;15:15;afternoon;supermarket;Delhaize;0;cookies;snacks
5;8;21;1L 365 HALFVOLLE M;1;0,65;0,65;2022-01-31;Monday;15:15;afternoon;supermarket;Delhaize;0;milk;dairy & plant based
5;8;21;1L 365 HALFVOLLE M;1;0,65;0,65;2022-01-31;Monday;15:15;afternoon;supermarket;Delhaize;0;milk;dairy & plant based
5;8;21;MIR KIT SPAGH ITAL.;1;3,75;3,75;2022-01-31;Monday;15:15;afternoon;supermarket;Delhaize;0;pasta kit;pasta & rice
5;8;21;KERSTOMATEN 250GR;1;1,00;1,00;2022-01-31;Monday;15:15;afternoon;supermarket;Delhaize;1;tomatoes;fruit & vegetables
5;8;22;BABYBEL MINI 6X22G;1;3,42;3,42;2022-02-02;Wednesday;14:33;afternoon;supermarket;Spar;0;cheese;dairy & plant based
5;8;22;SPAR D.GUSTO LUNGO 16P;1;3,59;3,59;2022-02-02;Wednesday;14:33;afternoon;supermarket;Spar;0;coffee;beverages
5;8;22;PEPSI MAX AXL PET 50CL MP;1;0,93;0,93;2022-02-02;Wednesday;14:33;afternoon;supermarket;Spar;1;coke;beverages
5;8;22;PEPSI MAX AXL PET 50CL MP;1;0,93;0,93;2022-02-02;Wednesday;14:33;afternoon;supermarket;Spar;1;coke;beverages
5;8;22;SPAR BROWNIE COOKIES 200G;1;1,82;1,82;2022-02-02;Wednesday;14:33;afternoon;supermarket;Spar;0;cookies;snacks
5;8;22;BROOD & GEBAK ONTBIJTKOEK;1;0,95;0,95;2022-02-02;Wednesday;14:33;afternoon;supermarket;Spar;0;danish;bakery
5;8;22;VUILZAKKEN;1;3,00;3,00;2022-02-02;Wednesday;14:33;afternoon;supermarket;Spar;0;garbage bags;household
5;8;22;CAPRI-SUN SAFARI FRUITS 20CLMP;1;0,52;0,52;2022-02-02;Wednesday;14:33;afternoon;supermarket;Spar;0;juice;beverages
5;8;22;CAPRI-SUN TROPICAL 20CL MP;1;0,52;0,52;2022-02-02;Wednesday;14:33;afternoon;supermarket;Spar;0;juice;beverages
5;8;23;BROOD & GEBAK ONTBIJTKOEK;1;3,80;3,80;2022-02-04;Thursday;09:13;morning;supermarket;Spar;0;danish;bakery
5;8;23;INEX MELK HALFVOL UHT BR. 1L;1;0,72;0,72;2022-02-04;Thursday;09:13;morning;supermarket;Spar;0;milk;dairy & plant based
5;8;23;INEX MELK HALFVOL UHT BR. 1L;1;0,72;0,72;2022-02-04;Thursday;09:13;morning;supermarket;Spar;0;milk;dairy & plant based
5;8;23;SPAR DAYLIC.CRUNCH CHOC. MUESLI;1;2,99;2,99;2022-02-04;Thursday;09:13;morning;supermarket;Spar;0;muesli;breakfast & spreads
5;8;23;LL GLACE KARAMEL 2P VP;1;4,45;4,45;2022-02-04;Thursday;09:13;morning;supermarket;Spar;1;pastry;bakery
5;8;24;BROOD & GEBAK ONTBIJTKOEK;2;1,99;3,98;2022-02-05;Friday;12:49;noon;supermarket;Spar;0;danish;bakery
5;8;24;BROOD & GEBAK ONTBIJTKOEK;2;0,95;1,90;2022-02-05;Friday;12:49;noon;supermarket;Spar;0;danish;bakery
5;8;24;SPAR N1 HUISHOUDROL 2L 46V 2P;1;1,05;1,05;2022-02-05;Friday;12:49;noon;supermarket;Spar;0;paper towels;household
5;8;25;DRYCK BUBBEL;1;2,50;2,50;2022-02-06;Sunday;09:13;morning;furniture store;Ikea;0;berry drink;beverages
5;8;25;CIDER PARON;1;2,00;2,00;2022-02-06;Sunday;09:13;morning;furniture store;Ikea;0;cider;beverages
5;8;25;KAFFEREP HAVERKOEKJES;1;4,95;4,95;2022-02-06;Sunday;09:13;morning;furniture store;Ikea;0;cookies;snacks
5;8;25;SYLT LINGON N;1;2,50;2,50;2022-02-06;Sunday;09:13;morning;furniture store;Ikea;0;jam;breakfast & spreads
5;8;25;HUVUDROLL;1;7,00;7,00;2022-02-06;Sunday;09:13;morning;furniture store;Ikea;0;meatballs;meat, fish & veggie
5;8;25;ALLEMANSRATTEN SAUSMIX;1;1,00;1,00;2022-02-06;Sunday;09:13;morning;furniture store;Ikea;0;sauce mix;condiments
